{
  "playlists": [
    {
      "name": "Z",
      "lastModifiedDate": "2022-08-08",
      "items": [
        {
          "track": {
            "trackName": "Dos Locos",
            "artistName": "Monchy & Alexandra",
            "albumName": "Confesiones",
            "trackUri": "spotify:track:3mx8WfEOjeUB1a0fpFxQmi"
          },
          "episode": null,
          "localTrack": null,
          "addedDate": "2022-08-08"
        }
      ],
      "description": null,
      "numberOfFollowers": 0
    },
    {
      "name": "New",
      "lastModifiedDate": "2022-12-10",
      "items": [
        {
          "track": {
            "trackName": "Toxic",
            "artistName": "BoyWithUke",
            "albumName": "Toxic",
            "trackUri": "spotify:track:2gQPv5jvVPqU2a9HhMNO1v"
          },
          "episode": null,
          "localTrack": null,
          "addedDate": "2022-05-24"
        },
        {
          "track": {
            "trackName": "Happier",
            "artistName": "Marshmello",
            "albumName": "Happier",
            "trackUri": "spotify:track:2dpaYNEQHiRxtZbfNsse99"
          },
          "episode": null,
          "localTrack": null,
          "addedDate": "2022-05-24"
        },
        {
          "track": {
            "trackName": "Bad Liar",
            "artistName": "Imagine Dragons",
            "albumName": "Origins",
            "trackUri": "spotify:track:2RSHsoi04658QL5xgQVov3"
          },
          "episode": null,
          "localTrack": null,
          "addedDate": "2022-10-30"
        },
        {
          "track": {
            "trackName": "Bones",
            "artistName": "Imagine Dragons",
            "albumName": "Mercury - Acts 1 & 2",
            "trackUri": "spotify:track:54ipXppHLA8U4yqpOFTUhr"
          },
          "episode": null,
          "localTrack": null,
          "addedDate": "2022-12-10"
        }
      ],
      "description": null,
      "numberOfFollowers": 0
    },
    {
      "name": "Anime",
      "lastModifiedDate": "2022-10-24",
      "items": [
        {
          "track": {
            "trackName": "A Cruel Angel's Thesis - Director's Edit Version",
            "artistName": "Shiro Sagisu",
            "albumName": "Neon Genesis Evangelion",
            "trackUri": "spotify:track:0u9EI8zmr2QMuJLMiQFUIn"
          },
          "episode": null,
          "localTrack": null,
          "addedDate": "2019-12-03"
        },
        {
          "track": {
            "trackName": "Brave Heart (Digimon)",
            "artistName": "Animelmack",
            "albumName": "Brave Heart (Digimon)",
            "trackUri": "spotify:track:5fI0tteqDxnv2Tso0CcZbW"
          },
          "episode": null,
          "localTrack": null,
          "addedDate": "2019-12-03"
        },
        {
          "track": {
            "trackName": "TOKYO",
            "artistName": "YUI",
            "albumName": "From Me To You",
            "trackUri": "spotify:track:36VfPTSPTi3LjL0AdywvHM"
          },
          "episode": null,
          "localTrack": null,
          "addedDate": "2020-10-28"
        },
        {
          "track": {
            "trackName": "Ichiban no Takaramono",
            "artistName": "David Guthrie Music",
            "albumName": "Ichiban no Takaramono",
            "trackUri": "spotify:track:6dQGa269GL40JDXWHKO4gq"
          },
          "episode": null,
          "localTrack": null,
          "addedDate": "2020-12-21"
        },
        {
          "track": {
            "trackName": "Reason Living",
            "artistName": "SCREEN mode",
            "albumName": "1/1",
            "trackUri": "spotify:track:2gLgkVniFLbKiklW4taLOj"
          },
          "episode": null,
          "localTrack": null,
          "addedDate": "2020-10-08"
        },
        {
          "track": {
            "trackName": "again",
            "artistName": "YUI",
            "albumName": "Green Garden Pop",
            "trackUri": "spotify:track:6jBNUlTbv3fyn5t4izsdMa"
          },
          "episode": null,
          "localTrack": null,
          "addedDate": "2020-10-27"
        },
        {
          "track": {
            "trackName": "Guren no Yumiya",
            "artistName": "Linked Horizon",
            "albumName": "Shingeki no Kiseki",
            "trackUri": "spotify:track:70p3HYq9iHZisJqpDmWd1U"
          },
          "episode": null,
          "localTrack": null,
          "addedDate": "2021-03-07"
        },
        {
          "track": {
            "trackName": "My Soul, Your Beats! (From \"Angel Beats\")",
            "artistName": "AmaLee",
            "albumName": "Nostalgia III",
            "trackUri": "spotify:track:7n21jyNdNslrwViOFbajxI"
          },
          "episode": null,
          "localTrack": null,
          "addedDate": "2020-12-16"
        },
        {
          "track": {
            "trackName": "Pokémon Theme",
            "artistName": "Pokémon",
            "albumName": "Pokemon - 2.b.a. Master - Music From The Hit Tv Series",
            "trackUri": "spotify:track:3OIHgTyQdiAGMmpjQaNxp3"
          },
          "episode": null,
          "localTrack": null,
          "addedDate": "2020-01-03"
        },
        {
          "track": {
            "trackName": "Fly Me to the Moon - Yoko Takahashi Acid Bossa Version",
            "artistName": "Shiro Sagisu",
            "albumName": "Neon Genesis Evangelion",
            "trackUri": "spotify:track:01eWHr7Yfu667L6YhzX2T6"
          },
          "episode": null,
          "localTrack": null,
          "addedDate": "2019-12-03"
        },
        {
          "track": {
            "trackName": "メリッサ",
            "artistName": "PornoGraffitti",
            "albumName": "Melissa",
            "trackUri": "spotify:track:36MICngrDuCBRKA9riYmh6"
          },
          "episode": null,
          "localTrack": null,
          "addedDate": "2020-05-24"
        },
        {
          "track": {
            "trackName": "the WORLD",
            "artistName": "Nightmare",
            "albumName": "the WORLD/アルミナ",
            "trackUri": "spotify:track:1ShQlzjMz0XkaHt5CgMpBs"
          },
          "episode": null,
          "localTrack": null,
          "addedDate": "2020-06-09"
        },
        {
          "track": {
            "trackName": "A Cruel Angel's Thesis (Neon Genesis Evangelion Theme)",
            "artistName": "Relaxing Piano Crew",
            "albumName": "Anime Nostalgia - Relaxing Piano Covers for Sleeping",
            "trackUri": "spotify:track:2ORQD9ZUAPLGubLar8tyKC"
          },
          "episode": null,
          "localTrack": null,
          "addedDate": "2020-06-10"
        },
        {
          "track": {
            "trackName": "ラブ・ドラマティック (Funky Flag Version)",
            "artistName": "Masayuki Suzuki",
            "albumName": "Funky Flag",
            "trackUri": "spotify:track:1EA9zu4J2PjsygrFkvXQEK"
          },
          "episode": null,
          "localTrack": null,
          "addedDate": "2020-09-09"
        },
        {
          "track": {
            "trackName": "DADDY ! DADDY ! DO !",
            "artistName": "Masayuki Suzuki",
            "albumName": "All Time Rock 'n' Roll",
            "trackUri": "spotify:track:7tdBXBfqfXSWpMaMA8QaES"
          },
          "episode": null,
          "localTrack": null,
          "addedDate": "2020-09-09"
        },
        {
          "track": {
            "trackName": "GIRI GIRI",
            "artistName": "Masayuki Suzuki",
            "albumName": "GIRI GIRI",
            "trackUri": "spotify:track:5RtsmtLsEnwa96TEf56tJQ"
          },
          "episode": null,
          "localTrack": null,
          "addedDate": "2022-05-26"
        },
        {
          "track": {
            "trackName": "Gotoubun no Katachi",
            "artistName": "中野家の五つ子",
            "albumName": "Gotoubun no Katachi / Hatsukoi",
            "trackUri": "spotify:track:32nW0L3AHrEasXxB4y4kt4"
          },
          "episode": null,
          "localTrack": null,
          "addedDate": "2021-03-14"
        },
        {
          "track": {
            "trackName": "Centimeter (From \"Rent a Girlfriend: Kanojo, Okarishimasu\")",
            "artistName": "Miura Jam",
            "albumName": "Centimeter (From \"Rent a Girlfriend: Kanojo, Okarishimasu\")",
            "trackUri": "spotify:track:65tu16zi8H7fGexuPINxJp"
          },
          "episode": null,
          "localTrack": null,
          "addedDate": "2020-10-03"
        },
        {
          "track": {
            "trackName": "FIRST DROP",
            "artistName": "halca",
            "albumName": "FIRST DROP",
            "trackUri": "spotify:track:6zNmoQVDQOFidcOJtZmEbo"
          },
          "episode": null,
          "localTrack": null,
          "addedDate": "2020-09-22"
        },
        {
          "track": {
            "trackName": "Fukashigi no Carte - Seishun Buta Yarou wa Bunny Girl Senpai no Yume wo Minai",
            "artistName": "Shayne Orok",
            "albumName": "Fukashigi no Carte",
            "trackUri": "spotify:track:6atJgUpkfXsePscJlSye8T"
          },
          "episode": null,
          "localTrack": null,
          "addedDate": "2020-11-02"
        },
        {
          "track": {
            "trackName": "This Dream (Advanced Challenge)",
            "artistName": "Jonathan Young",
            "albumName": "POKÉJON",
            "trackUri": "spotify:track:5m9su8EPOmPu2W5rE5oC5G"
          },
          "episode": null,
          "localTrack": null,
          "addedDate": "2020-10-15"
        },
        {
          "track": {
            "trackName": "Brave Shine",
            "artistName": "Aimer",
            "albumName": "Best Selection Noir",
            "trackUri": "spotify:track:4PR27vtUZsoiaUlQ6NNYyW"
          },
          "episode": null,
          "localTrack": null,
          "addedDate": "2020-10-28"
        },
        {
          "track": {
            "trackName": "Sign",
            "artistName": "FLOW",
            "albumName": "Microcosm",
            "trackUri": "spotify:track:1hi0P1Y2he1p09xnUccuAN"
          },
          "episode": null,
          "localTrack": null,
          "addedDate": "2020-10-28"
        },
        {
          "track": {
            "trackName": "Mariposa",
            "artistName": "Cesar Franco",
            "albumName": "Star Talent Anime Concert, Vol. 1",
            "trackUri": "spotify:track:3XXCY0gZkBy0wO0COTNvfA"
          },
          "episode": null,
          "localTrack": null,
          "addedDate": "2020-11-07"
        },
        {
          "track": {
            "trackName": "Impossible",
            "artistName": "I Am King",
            "albumName": "Impossible",
            "trackUri": "spotify:track:0aJglfKKlSuhwws0EU6Q5v"
          },
          "episode": null,
          "localTrack": null,
          "addedDate": "2020-12-17"
        },
        {
          "track": {
            "trackName": "Shinzo wo Sasageyo!",
            "artistName": "Linked Horizon",
            "albumName": "Shingeki no Kiseki",
            "trackUri": "spotify:track:5uraJqtCBvLpwt3VeomZdq"
          },
          "episode": null,
          "localTrack": null,
          "addedDate": "2021-06-14"
        },
        {
          "track": {
            "trackName": "Attack on Titan",
            "artistName": "Hiroyuki Sawano",
            "albumName": "TV Anime \"Attack on Titan\" Original Soundtrack",
            "trackUri": "spotify:track:5IzZpz0vA73IIjqFPpXSXP"
          },
          "episode": null,
          "localTrack": null,
          "addedDate": "2021-07-06"
        },
        {
          "track": {
            "trackName": "You See Big Girl / T:T",
            "artistName": "Hiroyuki Sawano",
            "albumName": "TV Anime \"Attack on Titan Season 2\" (Original Soundtrack)",
            "trackUri": "spotify:track:4dHOnPucB5VBYq3gjRtYy9"
          },
          "episode": null,
          "localTrack": null,
          "addedDate": "2021-07-08"
        },
        {
          "track": {
            "trackName": "Vogel Im Kafig",
            "artistName": "Hiroyuki Sawano",
            "albumName": "TV Anime \"Attack on Titan\" Original Soundtrack",
            "trackUri": "spotify:track:7AEcphXUR52QGYxdZ8TDVI"
          },
          "episode": null,
          "localTrack": null,
          "addedDate": "2021-08-11"
        },
        {
          "track": {
            "trackName": "Symphonicsuite (Aot) Part2-1st: Attack on Titan (Wmid)",
            "artistName": "Hiroyuki Sawano",
            "albumName": "\"Attack on Titan\" Season 3 Original Soundtrack",
            "trackUri": "spotify:track:66EOdKkzuonSLBXOrActDD"
          },
          "episode": null,
          "localTrack": null,
          "addedDate": "2021-08-12"
        },
        {
          "track": {
            "trackName": "言えない",
            "artistName": "MIMiNARI",
            "albumName": "言えない",
            "trackUri": "spotify:track:4Pgfcz3P83oJHdRvO0NJ0Q"
          },
          "episode": null,
          "localTrack": null,
          "addedDate": "2022-07-25"
        },
        {
          "track": null,
          "episode": null,
          "localTrack": {
            "uri": "spotify:local:LiSA:Keep+The+Beats%21:Angel+Beats%21+-+Ichiban+no+Takaramono:360"
          },
          "addedDate": "2022-10-24"
        }
      ],
      "description": "Soundtracks de algunos animes que he visto",
      "numberOfFollowers": 0
    },
    {
      "name": "SebasVGC-League of legends",
      "lastModifiedDate": "2022-04-03",
      "items": [
        {
          "track": {
            "trackName": "Awaken",
            "artistName": "League of Legends",
            "albumName": "Awaken",
            "trackUri": "spotify:track:3jevgr3fYdv9wYO3IDJq2a"
          },
          "episode": null,
          "localTrack": null,
          "addedDate": "2020-06-17"
        },
        {
          "track": {
            "trackName": "Phoenix",
            "artistName": "League of Legends",
            "albumName": "Phoenix",
            "trackUri": "spotify:track:6zAiRKvAMlXHxEtyO4yxIO"
          },
          "episode": null,
          "localTrack": null,
          "addedDate": "2020-07-29"
        },
        {
          "track": {
            "trackName": "Warriors",
            "artistName": "League of Legends",
            "albumName": "Warriors",
            "trackUri": "spotify:track:3f4fc8c8unrQeKecmUPEDR"
          },
          "episode": null,
          "localTrack": null,
          "addedDate": "2020-01-15"
        },
        {
          "track": {
            "trackName": "RISE",
            "artistName": "League of Legends",
            "albumName": "RISE",
            "trackUri": "spotify:track:69Sy7207dnixZ6w7RSV9Kb"
          },
          "episode": null,
          "localTrack": null,
          "addedDate": "2020-05-17"
        },
        {
          "track": {
            "trackName": "Legends Never Die",
            "artistName": "League of Legends",
            "albumName": "Legends Never Die",
            "trackUri": "spotify:track:1FpVJ7HpZInE2GvhVE2TwT"
          },
          "episode": null,
          "localTrack": null,
          "addedDate": "2020-06-17"
        },
        {
          "track": {
            "trackName": "Sold Out",
            "artistName": "Hawk Nelson",
            "albumName": "Diamonds",
            "trackUri": "spotify:track:0Ea0hLCa4WCNp5SwPZr8XP"
          },
          "episode": null,
          "localTrack": null,
          "addedDate": "2020-02-13"
        },
        {
          "track": {
            "trackName": "Centuries",
            "artistName": "Fall Out Boy",
            "albumName": "American Beauty/American Psycho",
            "trackUri": "spotify:track:0yhPEz5KxlDwckGJaMlZqM"
          },
          "episode": null,
          "localTrack": null,
          "addedDate": "2018-05-05"
        },
        {
          "track": {
            "trackName": "Impossible",
            "artistName": "I Am King",
            "albumName": "Impossible",
            "trackUri": "spotify:track:0aJglfKKlSuhwws0EU6Q5v"
          },
          "episode": null,
          "localTrack": null,
          "addedDate": "2020-12-17"
        },
        {
          "track": {
            "trackName": "Red Line",
            "artistName": "Anna Yvette",
            "albumName": "Red Line",
            "trackUri": "spotify:track:5ECvQ7ETyg2OkxCsoMoOWy"
          },
          "episode": null,
          "localTrack": null,
          "addedDate": "2020-07-07"
        },
        {
          "track": {
            "trackName": "Champion Sound (From \"Assassin's Creed Syndicate\")",
            "artistName": "ill Factor",
            "albumName": "Champion Sound (From \"Assassin's Creed Syndicate\") - Single",
            "trackUri": "spotify:track:3hCa7ITohBJ6yUZe9VXI5M"
          },
          "episode": null,
          "localTrack": null,
          "addedDate": "2018-05-05"
        },
        {
          "track": {
            "trackName": "The Hanging Tree",
            "artistName": "James Newton Howard",
            "albumName": "The Hunger Games: Mockingjay Pt. 1",
            "trackUri": "spotify:track:5ONu4EF5vxDOCmBbQI6s0M"
          },
          "episode": null,
          "localTrack": null,
          "addedDate": "2018-05-05"
        },
        {
          "track": {
            "trackName": "Everybody Wants To Rule The World - From “The Hunger Games: Catching Fire” Soundtrack",
            "artistName": "Lorde",
            "albumName": "Los Juegos Del Hambre: En Llamas",
            "trackUri": "spotify:track:4GZ7swGhoOMcnMvShyD4po"
          },
          "episode": null,
          "localTrack": null,
          "addedDate": "2018-05-05"
        },
        {
          "track": {
            "trackName": "Warriors",
            "artistName": "Imagine Dragons",
            "albumName": "Warriors",
            "trackUri": "spotify:track:5MVkWRKMBO3r05oihuNbzM"
          },
          "episode": null,
          "localTrack": null,
          "addedDate": "2018-05-05"
        },
        {
          "track": {
            "trackName": "For the Glory",
            "artistName": "All Good Things",
            "albumName": "Machines",
            "trackUri": "spotify:track:3B9fSgViwhIqsVa7W9NVZK"
          },
          "episode": null,
          "localTrack": null,
          "addedDate": "2020-02-13"
        },
        {
          "track": {
            "trackName": "Can't Stop Me Now",
            "artistName": "Oh The Larceny",
            "albumName": "Oh the Larceny",
            "trackUri": "spotify:track:04XYta6MBb5BuZIPCiAloe"
          },
          "episode": null,
          "localTrack": null,
          "addedDate": "2020-06-17"
        },
        {
          "track": {
            "trackName": "Born Ready",
            "artistName": "All Good Things",
            "albumName": "Machines",
            "trackUri": "spotify:track:4GfEGz4UoerllImuKwaaIf"
          },
          "episode": null,
          "localTrack": null,
          "addedDate": "2020-02-13"
        },
        {
          "track": {
            "trackName": "Dangerous",
            "artistName": "Royal Deluxe",
            "albumName": "Born for This",
            "trackUri": "spotify:track:4MYl2TdloNHxQUkdQSgWcP"
          },
          "episode": null,
          "localTrack": null,
          "addedDate": "2020-06-17"
        },
        {
          "track": {
            "trackName": "You Can Run",
            "artistName": "Lee Richardson",
            "albumName": "Electro Blues 2",
            "trackUri": "spotify:track:5pwSVahEECMH8avJ5tmGMk"
          },
          "episode": null,
          "localTrack": null,
          "addedDate": "2019-09-07"
        },
        {
          "track": {
            "trackName": "Born Ready",
            "artistName": "Zayde Wølf",
            "albumName": "Golden Age",
            "trackUri": "spotify:track:4Lq2eCJPkusiiLBfoD05d0"
          },
          "episode": null,
          "localTrack": null,
          "addedDate": "2020-02-13"
        },
        {
          "track": {
            "trackName": "New Blood",
            "artistName": "Zayde Wølf",
            "albumName": "Rare Breed",
            "trackUri": "spotify:track:0Obr1fxJYUKZ52Azp1a3ct"
          },
          "episode": null,
          "localTrack": null,
          "addedDate": "2020-07-29"
        },
        {
          "track": {
            "trackName": "MORE",
            "artistName": "K/DA",
            "albumName": "MORE",
            "trackUri": "spotify:track:6juLaduD4STCUDWT0AYun4"
          },
          "episode": null,
          "localTrack": null,
          "addedDate": "2020-11-01"
        },
        {
          "track": {
            "trackName": "Take Over",
            "artistName": "League of Legends",
            "albumName": "Take Over",
            "trackUri": "spotify:track:7asFSf2pkWNEG3E5EuN1QR"
          },
          "episode": null,
          "localTrack": null,
          "addedDate": "2020-11-02"
        },
        {
          "track": {
            "trackName": "Immortals",
            "artistName": "Fall Out Boy",
            "albumName": "American Beauty/American Psycho",
            "trackUri": "spotify:track:3Te8uLyit6X3ncNW8Fp3K2"
          },
          "episode": null,
          "localTrack": null,
          "addedDate": "2021-04-03"
        },
        {
          "track": {
            "trackName": "My Songs Know What You Did In The Dark (Light Em Up)",
            "artistName": "Fall Out Boy",
            "albumName": "Save Rock And Roll",
            "trackUri": "spotify:track:2E43WFS4rRc09za2r2GmZl"
          },
          "episode": null,
          "localTrack": null,
          "addedDate": "2021-05-03"
        },
        {
          "track": {
            "trackName": "The Phoenix",
            "artistName": "Fall Out Boy",
            "albumName": "Save Rock And Roll",
            "trackUri": "spotify:track:7jwDuO7UZvWs77KNj9HbvF"
          },
          "episode": null,
          "localTrack": null,
          "addedDate": "2021-05-03"
        }
      ],
      "description": "gg izi",
      "numberOfFollowers": 0
    },
    {
      "name": ":'v",
      "lastModifiedDate": "2022-09-29",
      "items": [
        {
          "track": {
            "trackName": "A Thousand Years",
            "artistName": "Christina Perri",
            "albumName": "A Thousand Years",
            "trackUri": "spotify:track:6lanRgr6wXibZr8KgzXxBl"
          },
          "episode": null,
          "localTrack": null,
          "addedDate": "2018-03-14"
        },
        {
          "track": {
            "trackName": "Say Something",
            "artistName": "A Great Big World",
            "albumName": "Is There Anybody Out There?",
            "trackUri": "spotify:track:6Vc5wAMmXdKIAM7WUoEb7N"
          },
          "episode": null,
          "localTrack": null,
          "addedDate": "2018-02-21"
        },
        {
          "track": {
            "trackName": "No Time To Die",
            "artistName": "Billie Eilish",
            "albumName": "No Time To Die",
            "trackUri": "spotify:track:73SpzrcaHk0RQPFP73vqVR"
          },
          "episode": null,
          "localTrack": null,
          "addedDate": "2020-02-27"
        },
        {
          "track": {
            "trackName": "One More Light",
            "artistName": "Linkin Park",
            "albumName": "One More Light",
            "trackUri": "spotify:track:3xXBsjrbG1xQIm1xv1cKOt"
          },
          "episode": null,
          "localTrack": null,
          "addedDate": "2018-02-21"
        },
        {
          "track": {
            "trackName": "Hello",
            "artistName": "Adele",
            "albumName": "Hello",
            "trackUri": "spotify:track:0ENSn4fwAbCGeFGVUbXEU3"
          },
          "episode": null,
          "localTrack": null,
          "addedDate": "2020-06-18"
        },
        {
          "track": {
            "trackName": "lovely (with Khalid)",
            "artistName": "Billie Eilish",
            "albumName": "lovely (with Khalid)",
            "trackUri": "spotify:track:0u2P5u6lvoDfwTYjAADbn4"
          },
          "episode": null,
          "localTrack": null,
          "addedDate": "2022-09-25"
        },
        {
          "track": {
            "trackName": "Someone Like You",
            "artistName": "Adele",
            "albumName": "21",
            "trackUri": "spotify:track:6QPKYGnAW9QozVz2dSWqRg"
          },
          "episode": null,
          "localTrack": null,
          "addedDate": "2018-02-21"
        },
        {
          "track": {
            "trackName": "Father And Son",
            "artistName": "Yusuf / Cat Stevens",
            "albumName": "Tea for the Tillerman",
            "trackUri": "spotify:track:19slC7k8bsPOAKDjHYLU2W"
          },
          "episode": null,
          "localTrack": null,
          "addedDate": "2020-04-22"
        },
        {
          "track": {
            "trackName": "My Immortal",
            "artistName": "Evanescence",
            "albumName": "Fallen",
            "trackUri": "spotify:track:1C0vXECyJHUeqOo2Etvrr2"
          },
          "episode": null,
          "localTrack": null,
          "addedDate": "2018-02-21"
        },
        {
          "track": {
            "trackName": "The Scientist",
            "artistName": "Coldplay",
            "albumName": "A Rush of Blood to the Head",
            "trackUri": "spotify:track:75JFxkI2RXiU7L9VXzMkle"
          },
          "episode": null,
          "localTrack": null,
          "addedDate": "2018-02-21"
        },
        {
          "track": {
            "trackName": "People Ain't No Good - 2011 Remastered Version",
            "artistName": "Nick Cave & The Bad Seeds",
            "albumName": "The Boatman's Call",
            "trackUri": "spotify:track:0c9ImAFCxarmltq6a1jCSe"
          },
          "episode": null,
          "localTrack": null,
          "addedDate": "2019-05-18"
        },
        {
          "track": {
            "trackName": "Why Am I Crying",
            "artistName": "Molly Sandén",
            "albumName": "Why am I Crying",
            "trackUri": "spotify:track:6N001s7hglDhXJyjeXeg4F"
          },
          "episode": null,
          "localTrack": null,
          "addedDate": "2018-02-21"
        },
        {
          "track": {
            "trackName": "Stay With Me",
            "artistName": "Sam Smith",
            "albumName": "In The Lonely Hour",
            "trackUri": "spotify:track:2whoe0pPKh4JRn6eWSIqTV"
          },
          "episode": null,
          "localTrack": null,
          "addedDate": "2018-04-28"
        },
        {
          "track": {
            "trackName": "Photograph",
            "artistName": "Ed Sheeran",
            "albumName": "x",
            "trackUri": "spotify:track:1HNkqx9Ahdgi1Ixy2xkKkL"
          },
          "episode": null,
          "localTrack": null,
          "addedDate": "2019-03-30"
        },
        {
          "track": {
            "trackName": "You Said You'd Grow Old With Me",
            "artistName": "Michael Schulte",
            "albumName": "Wide Awake",
            "trackUri": "spotify:track:41WTP0gosjYD74B06uS2tL"
          },
          "episode": null,
          "localTrack": null,
          "addedDate": "2018-02-21"
        },
        {
          "track": {
            "trackName": "Let Her Go",
            "artistName": "Passenger",
            "albumName": "All The Little Lights",
            "trackUri": "spotify:track:7DFNE7NO0raLIUbgzY2rzm"
          },
          "episode": null,
          "localTrack": null,
          "addedDate": "2018-08-31"
        },
        {
          "track": {
            "trackName": "Aleluya",
            "artistName": "Leonard Cohen",
            "albumName": "The Promise",
            "trackUri": "spotify:track:1qFMUNah44kASCQhM66VxU"
          },
          "episode": null,
          "localTrack": null,
          "addedDate": "2018-10-04"
        },
        {
          "track": {
            "trackName": "Perfect",
            "artistName": "Ed Sheeran",
            "albumName": "÷",
            "trackUri": "spotify:track:0tgVpDi06FyKpA1z0VMD4v"
          },
          "episode": null,
          "localTrack": null,
          "addedDate": "2019-03-30"
        },
        {
          "track": {
            "trackName": "All of Me",
            "artistName": "John Legend",
            "albumName": "Love In The Future (Expanded Edition)",
            "trackUri": "spotify:track:3U4isOIWM3VvDubwSI3y7a"
          },
          "episode": null,
          "localTrack": null,
          "addedDate": "2019-04-05"
        },
        {
          "track": {
            "trackName": "In My Shoes",
            "artistName": "The Mispent",
            "albumName": "Windows and Walls",
            "trackUri": "spotify:track:4qa7vr22lz2t93xf3RdG4z"
          },
          "episode": null,
          "localTrack": null,
          "addedDate": "2019-06-03"
        },
        {
          "track": {
            "trackName": "Hero",
            "artistName": "Enrique Iglesias",
            "albumName": "Escape",
            "trackUri": "spotify:track:1PAgmT6YqGhd6zT9kN9gIo"
          },
          "episode": null,
          "localTrack": null,
          "addedDate": "2019-07-02"
        },
        {
          "track": {
            "trackName": "Call Out My Name",
            "artistName": "The Weeknd",
            "albumName": "My Dear Melancholy,",
            "trackUri": "spotify:track:4MPTj8lMMvxLwT3EwuXFop"
          },
          "episode": null,
          "localTrack": null,
          "addedDate": "2018-07-30"
        },
        {
          "track": {
            "trackName": "Happier",
            "artistName": "Ed Sheeran",
            "albumName": "÷",
            "trackUri": "spotify:track:2RttW7RAu5nOAfq6YFvApB"
          },
          "episode": null,
          "localTrack": null,
          "addedDate": "2020-07-29"
        },
        {
          "track": {
            "trackName": "Yellow",
            "artistName": "Coldplay",
            "albumName": "Parachutes",
            "trackUri": "spotify:track:3AJwUDP919kvQ9QcozQPxg"
          },
          "episode": null,
          "localTrack": null,
          "addedDate": "2020-07-29"
        },
        {
          "track": {
            "trackName": "Mad World",
            "artistName": "Gary Jules",
            "albumName": "Trading Snakeoil for Wolftickets",
            "trackUri": "spotify:track:3JOVTQ5h8HGFnDdp4VT3MP"
          },
          "episode": null,
          "localTrack": null,
          "addedDate": "2020-07-29"
        },
        {
          "track": null,
          "episode": {
            "episodeName": "Take On Me",
            "showName": "Last Of Us Part II Ellie's Song",
            "episodeUri": "spotify:episode:7CeaT31t2w5fs9CoS3YMnx"
          },
          "localTrack": null,
          "addedDate": "2020-08-15"
        },
        {
          "track": {
            "trackName": "Hallelujah",
            "artistName": "John Cale",
            "albumName": "Basquiat",
            "trackUri": "spotify:track:1OIg1rSlLKu5xD1x1bfVJo"
          },
          "episode": null,
          "localTrack": null,
          "addedDate": "2020-10-03"
        },
        {
          "track": {
            "trackName": "A Stutter",
            "artistName": "Ólafur Arnalds",
            "albumName": "For Now I Am Winter",
            "trackUri": "spotify:track:46asVOpPWbswlTTTVmTsXd"
          },
          "episode": null,
          "localTrack": null,
          "addedDate": "2021-03-14"
        },
        {
          "track": {
            "trackName": "As the World Caves In",
            "artistName": "Matt Maltese",
            "albumName": "Bad Contestant",
            "trackUri": "spotify:track:3NM41PVVUr0ceootKAtkAj"
          },
          "episode": null,
          "localTrack": null,
          "addedDate": "2022-01-10"
        },
        {
          "track": {
            "trackName": "Snowman - Slowed",
            "artistName": "love shayla",
            "albumName": "Snowman - Slowed",
            "trackUri": "spotify:track:1I6TYLy62cDNPFke9nyu7S"
          },
          "episode": null,
          "localTrack": null,
          "addedDate": "2022-01-28"
        },
        {
          "track": {
            "trackName": "Oceans",
            "artistName": "Kenna Childs",
            "albumName": "Gentle",
            "trackUri": "spotify:track:0ZMlaztZIwzFmz1t1r4D7u"
          },
          "episode": null,
          "localTrack": null,
          "addedDate": "2022-08-13"
        }
      ],
      "description": "Musica sad para programar :&#x27;0",
      "numberOfFollowers": 0
    },
    {
      "name": "/._./",
      "lastModifiedDate": "2022-10-31",
      "items": [
        {
          "track": {
            "trackName": "Radioactive",
            "artistName": "Imagine Dragons",
            "albumName": "Night Visions",
            "trackUri": "spotify:track:6Ep6BzIOB9tz3P4sWqiiAB"
          },
          "episode": null,
          "localTrack": null,
          "addedDate": "2017-10-22"
        },
        {
          "track": {
            "trackName": "Demons",
            "artistName": "Imagine Dragons",
            "albumName": "Night Visions",
            "trackUri": "spotify:track:2Oehrcv4Kov0SuIgWyQY9e"
          },
          "episode": null,
          "localTrack": null,
          "addedDate": "2017-10-22"
        },
        {
          "track": {
            "trackName": "It's Time",
            "artistName": "Imagine Dragons",
            "albumName": "Night Visions",
            "trackUri": "spotify:track:3xqF04FdMK7gpIPG3SPFpY"
          },
          "episode": null,
          "localTrack": null,
          "addedDate": "2017-10-22"
        },
        {
          "track": {
            "trackName": "Faded",
            "artistName": "Alan Walker",
            "albumName": "Faded",
            "trackUri": "spotify:track:7gHs73wELdeycvS48JfIos"
          },
          "episode": null,
          "localTrack": null,
          "addedDate": "2017-10-22"
        },
        {
          "track": {
            "trackName": "Enemy (with JID) - from the series Arcane League of Legends",
            "artistName": "Imagine Dragons",
            "albumName": "Enemy (with JID)",
            "trackUri": "spotify:track:1r9xUipOqoNwggBpENDsvJ"
          },
          "episode": null,
          "localTrack": null,
          "addedDate": "2021-12-21"
        },
        {
          "track": {
            "trackName": "Believer",
            "artistName": "Imagine Dragons",
            "albumName": "Evolve",
            "trackUri": "spotify:track:0CcQNd8CINkwQfe1RDtGV6"
          },
          "episode": null,
          "localTrack": null,
          "addedDate": "2017-10-22"
        },
        {
          "track": {
            "trackName": "Whatever It Takes",
            "artistName": "Imagine Dragons",
            "albumName": "Evolve",
            "trackUri": "spotify:track:4IWAyPf1KMq7JCyGeCjTeH"
          },
          "episode": null,
          "localTrack": null,
          "addedDate": "2017-10-22"
        },
        {
          "track": {
            "trackName": "Natural",
            "artistName": "Imagine Dragons",
            "albumName": "Natural",
            "trackUri": "spotify:track:4zIO3ilp5HvTeK3HJHxhMP"
          },
          "episode": null,
          "localTrack": null,
          "addedDate": "2018-07-27"
        },
        {
          "track": {
            "trackName": "Thunderclouds",
            "artistName": "Sia",
            "albumName": "Thunderclouds",
            "trackUri": "spotify:track:5a8RPWgKSmcGBGcffmIrUi"
          },
          "episode": null,
          "localTrack": null,
          "addedDate": "2018-09-27"
        },
        {
          "track": {
            "trackName": "Genius",
            "artistName": "Sia",
            "albumName": "Mountains",
            "trackUri": "spotify:track:3qGDwGqdyFq3faUU4BmhdY"
          },
          "episode": null,
          "localTrack": null,
          "addedDate": "2019-02-23"
        },
        {
          "track": {
            "trackName": "Snowman",
            "artistName": "Sia",
            "albumName": "Snowman",
            "trackUri": "spotify:track:3b95085PI7P3X3oC16Z3Wd"
          },
          "episode": null,
          "localTrack": null,
          "addedDate": "2022-02-07"
        },
        {
          "track": {
            "trackName": "Snowman - Slowed",
            "artistName": "love shayla",
            "albumName": "Snowman - Slowed",
            "trackUri": "spotify:track:71OktXOa7LhvwJ1fIWKDK1"
          },
          "episode": null,
          "localTrack": null,
          "addedDate": "2022-02-05"
        },
        {
          "track": {
            "trackName": "Warriors",
            "artistName": "Imagine Dragons",
            "albumName": "Warriors",
            "trackUri": "spotify:track:5MVkWRKMBO3r05oihuNbzM"
          },
          "episode": null,
          "localTrack": null,
          "addedDate": "2017-11-14"
        },
        {
          "track": {
            "trackName": "On Top Of The World",
            "artistName": "Imagine Dragons",
            "albumName": "Night Visions",
            "trackUri": "spotify:track:6KuHjfXHkfnIjdmcIvt9r0"
          },
          "episode": null,
          "localTrack": null,
          "addedDate": "2017-12-02"
        },
        {
          "track": {
            "trackName": "Bitter Sweet Symphony",
            "artistName": "The Verve",
            "albumName": "Urban Hymns",
            "trackUri": "spotify:track:3Z9PJ6xiEGmcqo2hESEB5n"
          },
          "episode": null,
          "localTrack": null,
          "addedDate": "2018-02-21"
        },
        {
          "track": {
            "trackName": "Sharp Edges",
            "artistName": "Linkin Park",
            "albumName": "One More Light",
            "trackUri": "spotify:track:6c0I7CfL9ziGZN8yYkLppP"
          },
          "episode": null,
          "localTrack": null,
          "addedDate": "2018-04-17"
        },
        {
          "track": {
            "trackName": "Rolling In The Deep",
            "artistName": "Adele",
            "albumName": "Pay Close Attention : XL Recordings",
            "trackUri": "spotify:track:2GblQ918RbkOs4Yo1Rpkcj"
          },
          "episode": null,
          "localTrack": null,
          "addedDate": "2018-05-05"
        },
        {
          "track": {
            "trackName": "Colors - Coca-Cola® Anthem, 2018 FIFA World CupTM",
            "artistName": "Jason Derulo",
            "albumName": "Colors",
            "trackUri": "spotify:track:7wD6iRghe6SnKHkvHqpnC5"
          },
          "episode": null,
          "localTrack": null,
          "addedDate": "2018-06-30"
        },
        {
          "track": {
            "trackName": "See You Again (feat. Charlie Puth)",
            "artistName": "Wiz Khalifa",
            "albumName": "See You Again (feat. Charlie Puth)",
            "trackUri": "spotify:track:2JzZzZUQj3Qff7wapcbKjc"
          },
          "episode": null,
          "localTrack": null,
          "addedDate": "2018-06-24"
        },
        {
          "track": {
            "trackName": "Done for Me (feat. Kehlani)",
            "artistName": "Charlie Puth",
            "albumName": "Voicenotes",
            "trackUri": "spotify:track:1lsBTdE6MGsKeZCD6llNu7"
          },
          "episode": null,
          "localTrack": null,
          "addedDate": "2018-08-10"
        },
        {
          "track": {
            "trackName": "Born To Be Yours",
            "artistName": "Kygo",
            "albumName": "Born To Be Yours",
            "trackUri": "spotify:track:0kHyKhJMukHEPfeh8s7rdM"
          },
          "episode": null,
          "localTrack": null,
          "addedDate": "2018-10-12"
        },
        {
          "track": {
            "trackName": "Give In to Me",
            "artistName": "Michael Jackson",
            "albumName": "Dangerous",
            "trackUri": "spotify:track:1euDTbMNRPNfKd8zZz4zTT"
          },
          "episode": null,
          "localTrack": null,
          "addedDate": "2018-10-13"
        },
        {
          "track": {
            "trackName": "Habibi",
            "artistName": "Ghali",
            "albumName": "Album",
            "trackUri": "spotify:track:1lwpe8mLgHhytakM7m6R3W"
          },
          "episode": null,
          "localTrack": null,
          "addedDate": "2019-05-25"
        },
        {
          "track": {
            "trackName": "Lean On (feat. MØ & DJ Snake)",
            "artistName": "Major Lazer",
            "albumName": "Peace Is The Mission : Extended",
            "trackUri": "spotify:track:2YWjW3wwQIBLNhxWKBQd16"
          },
          "episode": null,
          "localTrack": null,
          "addedDate": "2019-08-26"
        },
        {
          "track": {
            "trackName": "Havana (feat. Young Thug)",
            "artistName": "Camila Cabello",
            "albumName": "Camila",
            "trackUri": "spotify:track:1rfofaqEpACxVEHIZBJe6W"
          },
          "episode": null,
          "localTrack": null,
          "addedDate": "2019-10-03"
        },
        {
          "track": {
            "trackName": "Red Line",
            "artistName": "Anna Yvette",
            "albumName": "Red Line",
            "trackUri": "spotify:track:5ECvQ7ETyg2OkxCsoMoOWy"
          },
          "episode": null,
          "localTrack": null,
          "addedDate": "2020-07-08"
        },
        {
          "track": {
            "trackName": "Imagine Dragons Medley: Demons / Radioactive / It's Time /On Top of the World",
            "artistName": "Redefined",
            "albumName": "Imagine Dragons Medley: Demons / Radioactive / It's Time / On Top of the World",
            "trackUri": "spotify:track:4XdgJefkE3MVJXAp5ocMFZ"
          },
          "episode": null,
          "localTrack": null,
          "addedDate": "2020-07-29"
        },
        {
          "track": {
            "trackName": "Centuries",
            "artistName": "Fall Out Boy",
            "albumName": "American Beauty/American Psycho",
            "trackUri": "spotify:track:04aAxqtGp5pv12UXAg4pkq"
          },
          "episode": null,
          "localTrack": null,
          "addedDate": "2020-07-29"
        },
        {
          "track": {
            "trackName": "Immortals",
            "artistName": "Fall Out Boy",
            "albumName": "American Beauty/American Psycho",
            "trackUri": "spotify:track:3Te8uLyit6X3ncNW8Fp3K2"
          },
          "episode": null,
          "localTrack": null,
          "addedDate": "2020-07-29"
        },
        {
          "track": {
            "trackName": "Thunder",
            "artistName": "Imagine Dragons",
            "albumName": "Evolve",
            "trackUri": "spotify:track:1zB4vmk8tFRmM9UULNzbLB"
          },
          "episode": null,
          "localTrack": null,
          "addedDate": "2020-07-29"
        },
        {
          "track": {
            "trackName": "You Get What You Give",
            "artistName": "New Radicals",
            "albumName": "Maybe You've Been Brainwashed Too",
            "trackUri": "spotify:track:1Cwsd5xI8CajJz795oy4XF"
          },
          "episode": null,
          "localTrack": null,
          "addedDate": "2020-10-22"
        },
        {
          "track": {
            "trackName": "Numa Numa 2",
            "artistName": "Dan Balan",
            "albumName": "Numa Numa 2",
            "trackUri": "spotify:track:467nt1GWbuDJJDVonmgxsH"
          },
          "episode": null,
          "localTrack": null,
          "addedDate": "2021-04-27"
        },
        {
          "track": {
            "trackName": "Gangsta's Paradise",
            "artistName": "We Rabbitz",
            "albumName": "Gangsta's Paradise",
            "trackUri": "spotify:track:6L3HEkbxXjemo4nrNqPj0w"
          },
          "episode": null,
          "localTrack": null,
          "addedDate": "2021-12-11"
        }
      ],
      "description": "Musica random",
      "numberOfFollowers": 0
    },
    {
      "name": "R",
      "lastModifiedDate": "2021-06-29",
      "items": [
        {
          "track": {
            "trackName": "Highway to Hell",
            "artistName": "AC/DC",
            "albumName": "Highway to Hell",
            "trackUri": "spotify:track:2zYzyRzz6pRmhPzyfMEC8s"
          },
          "episode": null,
          "localTrack": null,
          "addedDate": "2017-11-12"
        },
        {
          "track": {
            "trackName": "It's a Long Way to the Top (If You Wanna Rock 'N' Roll)",
            "artistName": "AC/DC",
            "albumName": "High Voltage",
            "trackUri": "spotify:track:7nemcVsXVFZF01iqpIIo2Y"
          },
          "episode": null,
          "localTrack": null,
          "addedDate": "2017-11-12"
        },
        {
          "track": {
            "trackName": "Thunderstruck - Live at River Plate Stadium, Buenos Aires, Argentina - December 2009",
            "artistName": "AC/DC",
            "albumName": "Live at River Plate",
            "trackUri": "spotify:track:7eHlRQ5acXEIMdGAKe00fO"
          },
          "episode": null,
          "localTrack": null,
          "addedDate": "2017-11-12"
        },
        {
          "track": {
            "trackName": "Rock N Roll Train - Live at River Plate Stadium, Buenos Aires, Argentina - December 2009",
            "artistName": "AC/DC",
            "albumName": "Live at River Plate",
            "trackUri": "spotify:track:2hzg8fX8NGSK4loyJbNLr1"
          },
          "episode": null,
          "localTrack": null,
          "addedDate": "2017-11-12"
        },
        {
          "track": {
            "trackName": "Hells Bells - Live at River Plate Stadium, Buenos Aires, Argentina - December 2009",
            "artistName": "AC/DC",
            "albumName": "Live at River Plate",
            "trackUri": "spotify:track:6ZIM0F8bSeI2OH6n3sJByc"
          },
          "episode": null,
          "localTrack": null,
          "addedDate": "2017-11-12"
        },
        {
          "track": {
            "trackName": "Highway to Hell - Live at River Plate Stadium, Buenos Aires, Argentina - December 2009",
            "artistName": "AC/DC",
            "albumName": "Live at River Plate",
            "trackUri": "spotify:track:7vTCGXUv3XOKScExgMtmel"
          },
          "episode": null,
          "localTrack": null,
          "addedDate": "2017-11-12"
        },
        {
          "track": {
            "trackName": "Show Me How to Live",
            "artistName": "Audioslave",
            "albumName": "Audioslave",
            "trackUri": "spotify:track:1Qdnvn4XlmZANCVy3XjrQo"
          },
          "episode": null,
          "localTrack": null,
          "addedDate": "2017-11-12"
        },
        {
          "track": {
            "trackName": "Revelations",
            "artistName": "Audioslave",
            "albumName": "Revelations",
            "trackUri": "spotify:track:22wnEMAQaNrbot1dwmeucH"
          },
          "episode": null,
          "localTrack": null,
          "addedDate": "2017-11-12"
        },
        {
          "track": {
            "trackName": "Butterflies and Hurricanes",
            "artistName": "Muse",
            "albumName": "Absolution",
            "trackUri": "spotify:track:0xJLcjd0gaZct43xG1UlXS"
          },
          "episode": null,
          "localTrack": null,
          "addedDate": "2017-11-12"
        },
        {
          "track": {
            "trackName": "Be Yourself",
            "artistName": "Audioslave",
            "albumName": "Out of Exile",
            "trackUri": "spotify:track:7r9ZTgy31yObGZE6ZYDlQg"
          },
          "episode": null,
          "localTrack": null,
          "addedDate": "2017-11-12"
        },
        {
          "track": {
            "trackName": "Like a Stone",
            "artistName": "Audioslave",
            "albumName": "Audioslave",
            "trackUri": "spotify:track:3YuaBvuZqcwN3CEAyyoaei"
          },
          "episode": null,
          "localTrack": null,
          "addedDate": "2017-11-12"
        },
        {
          "track": {
            "trackName": "Sweet Child O' Mine",
            "artistName": "Guns N' Roses",
            "albumName": "Appetite For Destruction",
            "trackUri": "spotify:track:7o2CTH4ctstm8TNelqjb51"
          },
          "episode": null,
          "localTrack": null,
          "addedDate": "2017-11-12"
        },
        {
          "track": {
            "trackName": "Talking to Myself",
            "artistName": "Linkin Park",
            "albumName": "One More Light",
            "trackUri": "spotify:track:7nAfXgeHfDO50upcOjJOaq"
          },
          "episode": null,
          "localTrack": null,
          "addedDate": "2018-02-01"
        },
        {
          "track": {
            "trackName": "November Rain",
            "artistName": "Guns N' Roses",
            "albumName": "Use Your Illusion I",
            "trackUri": "spotify:track:53968oKecrFxkErocab2Al"
          },
          "episode": null,
          "localTrack": null,
          "addedDate": "2018-02-01"
        },
        {
          "track": {
            "trackName": "Bring Me To Life",
            "artistName": "Evanescence",
            "albumName": "Fallen",
            "trackUri": "spotify:track:646J2jOtUe4Jflrmh6JFjN"
          },
          "episode": null,
          "localTrack": null,
          "addedDate": "2018-02-01"
        },
        {
          "track": {
            "trackName": "In the End",
            "artistName": "Linkin Park",
            "albumName": "Hybrid Theory",
            "trackUri": "spotify:track:60a0Rd6pjrkxjPbaKzXjfq"
          },
          "episode": null,
          "localTrack": null,
          "addedDate": "2018-02-01"
        },
        {
          "track": {
            "trackName": "Numb",
            "artistName": "Linkin Park",
            "albumName": "Meteora",
            "trackUri": "spotify:track:2nLtzopw4rPReszdYBJU6h"
          },
          "episode": null,
          "localTrack": null,
          "addedDate": "2018-02-01"
        },
        {
          "track": {
            "trackName": "Lifeline",
            "artistName": "Thousand Foot Krutch",
            "albumName": "Exhale",
            "trackUri": "spotify:track:333nLXIkj5thGuWvIymETt"
          },
          "episode": null,
          "localTrack": null,
          "addedDate": "2018-02-02"
        },
        {
          "track": {
            "trackName": "Your Time Has Come",
            "artistName": "Audioslave",
            "albumName": "Out of Exile",
            "trackUri": "spotify:track:1pGcoGcEbNKxbqMlYWK36g"
          },
          "episode": null,
          "localTrack": null,
          "addedDate": "2018-02-02"
        },
        {
          "track": {
            "trackName": "Champion Sound (From \"Assassin's Creed Syndicate\")",
            "artistName": "ill Factor",
            "albumName": "Champion Sound (From \"Assassin's Creed Syndicate\") - Single",
            "trackUri": "spotify:track:3hCa7ITohBJ6yUZe9VXI5M"
          },
          "episode": null,
          "localTrack": null,
          "addedDate": "2018-02-08"
        },
        {
          "track": {
            "trackName": "Sharp Edges",
            "artistName": "Linkin Park",
            "albumName": "One More Light",
            "trackUri": "spotify:track:6c0I7CfL9ziGZN8yYkLppP"
          },
          "episode": null,
          "localTrack": null,
          "addedDate": "2018-02-22"
        },
        {
          "track": {
            "trackName": "You Shook Me All Night Long",
            "artistName": "AC/DC",
            "albumName": "Back In Black",
            "trackUri": "spotify:track:2SiXAy7TuUkycRVbbWDEpo"
          },
          "episode": null,
          "localTrack": null,
          "addedDate": "2018-05-04"
        },
        {
          "track": {
            "trackName": "Courtesy Call",
            "artistName": "Thousand Foot Krutch",
            "albumName": "The End Is Where We Begin",
            "trackUri": "spotify:track:4iWYPj04kHXcZK0st5yzZf"
          },
          "episode": null,
          "localTrack": null,
          "addedDate": "2018-05-05"
        },
        {
          "track": {
            "trackName": "I Am the Highway",
            "artistName": "Audioslave",
            "albumName": "Audioslave",
            "trackUri": "spotify:track:3bwAS8cN7Xtzvv5UurJOOX"
          },
          "episode": null,
          "localTrack": null,
          "addedDate": "2018-05-12"
        },
        {
          "track": {
            "trackName": "Knockin' On Heaven's Door",
            "artistName": "Guns N' Roses",
            "albumName": "Use Your Illusion II",
            "trackUri": "spotify:track:7gXdAqJLCa5aYUeLVxosOz"
          },
          "episode": null,
          "localTrack": null,
          "addedDate": "2018-05-16"
        },
        {
          "track": {
            "trackName": "Hunger Strike",
            "artistName": "Temple Of The Dog",
            "albumName": "Temple Of The Dog",
            "trackUri": "spotify:track:35SiNV5YHBDsuiTtD0CIwc"
          },
          "episode": null,
          "localTrack": null,
          "addedDate": "2018-06-23"
        },
        {
          "track": {
            "trackName": "Born Ready",
            "artistName": "All Good Things",
            "albumName": "Machines",
            "trackUri": "spotify:track:4GfEGz4UoerllImuKwaaIf"
          },
          "episode": null,
          "localTrack": null,
          "addedDate": "2018-10-31"
        },
        {
          "track": {
            "trackName": "You Can Run",
            "artistName": "Lee Richardson",
            "albumName": "Electro Blues 2",
            "trackUri": "spotify:track:5pwSVahEECMH8avJ5tmGMk"
          },
          "episode": null,
          "localTrack": null,
          "addedDate": "2018-10-31"
        },
        {
          "track": {
            "trackName": "Born Ready",
            "artistName": "Zayde Wølf",
            "albumName": "Golden Age",
            "trackUri": "spotify:track:4Lq2eCJPkusiiLBfoD05d0"
          },
          "episode": null,
          "localTrack": null,
          "addedDate": "2018-11-09"
        },
        {
          "track": {
            "trackName": "For the Glory",
            "artistName": "All Good Things",
            "albumName": "Machines",
            "trackUri": "spotify:track:3B9fSgViwhIqsVa7W9NVZK"
          },
          "episode": null,
          "localTrack": null,
          "addedDate": "2018-12-14"
        },
        {
          "track": {
            "trackName": "Rockstar",
            "artistName": "Nickelback",
            "albumName": "Energy Rock",
            "trackUri": "spotify:track:5kgHIUBpfoeHlU3b6RMK9K"
          },
          "episode": null,
          "localTrack": null,
          "addedDate": "2019-12-04"
        },
        {
          "track": {
            "trackName": "Hunger Strike - 25th Anniversary Mix",
            "artistName": "Temple Of The Dog",
            "albumName": "Temple Of The Dog",
            "trackUri": "spotify:track:3CtphwpjC0XjIVpLFvGiQR"
          },
          "episode": null,
          "localTrack": null,
          "addedDate": "2020-07-29"
        },
        {
          "track": {
            "trackName": "Nothing Else Matters",
            "artistName": "Metallica",
            "albumName": "Metallica",
            "trackUri": "spotify:track:0nLiqZ6A27jJri2VCalIUs"
          },
          "episode": null,
          "localTrack": null,
          "addedDate": "2020-07-29"
        },
        {
          "track": {
            "trackName": "The Unforgiven",
            "artistName": "Metallica",
            "albumName": "Metallica",
            "trackUri": "spotify:track:4aYLAF6ckQ5ooGGGM7sWAa"
          },
          "episode": null,
          "localTrack": null,
          "addedDate": "2020-07-29"
        },
        {
          "track": {
            "trackName": "Lithium",
            "artistName": "Evanescence",
            "albumName": "The Open Door",
            "trackUri": "spotify:track:5YaLFRpqpUzgLLDcukNn0H"
          },
          "episode": null,
          "localTrack": null,
          "addedDate": "2020-07-29"
        },
        {
          "track": {
            "trackName": "Fake It",
            "artistName": "Seether",
            "albumName": "Finding Beauty In Negative Spaces",
            "trackUri": "spotify:track:4eAwB5pnKFTmsgc3zWoYO0"
          },
          "episode": null,
          "localTrack": null,
          "addedDate": "2021-06-29"
        }
      ],
      "description": null,
      "numberOfFollowers": 0
    },
    {
      "name": "R (Esp)",
      "lastModifiedDate": "2021-01-13",
      "items": [
        {
          "track": {
            "trackName": "Tiembla el Suelo",
            "artistName": "Viento En Contra",
            "albumName": "Casino",
            "trackUri": "spotify:track:4CVmm1cQQrmAgVv34Z6wmm"
          },
          "episode": null,
          "localTrack": null,
          "addedDate": "2018-03-09"
        },
        {
          "track": {
            "trackName": "Skalavera",
            "artistName": "El Tambor De La Tribu",
            "albumName": "Afinando los Cueros",
            "trackUri": "spotify:track:44egakjQ1caJ4yR2W1qqcH"
          },
          "episode": null,
          "localTrack": null,
          "addedDate": "2019-03-04"
        },
        {
          "track": {
            "trackName": "Lamento Boliviano (En Vivo)",
            "artistName": "Hombres G",
            "albumName": "Huevos Revueltos (En Vivo)",
            "trackUri": "spotify:track:2EXI9HTEQxGdaEcVChE0DK"
          },
          "episode": null,
          "localTrack": null,
          "addedDate": "2019-12-23"
        },
        {
          "track": {
            "trackName": "Devuélveme a mi chica",
            "artistName": "Hombres G",
            "albumName": "Hombres G",
            "trackUri": "spotify:track:1Wrzhfa5bNlqvsnCztz190"
          },
          "episode": null,
          "localTrack": null,
          "addedDate": "2019-12-10"
        },
        {
          "track": {
            "trackName": "Guitarras Blancas",
            "artistName": "Los Enanitos Verdes",
            "albumName": "Originales - 20 Exitos",
            "trackUri": "spotify:track:3V9dPuQWZOUQY3KYJJWnP3"
          },
          "episode": null,
          "localTrack": null,
          "addedDate": "2019-12-10"
        },
        {
          "track": {
            "trackName": "Skalavera",
            "artistName": "El Tambor De La Tribu",
            "albumName": "Felina",
            "trackUri": "spotify:track:1zsmNhMXRJXhGZ8rjXDs2w"
          },
          "episode": null,
          "localTrack": null,
          "addedDate": "2019-03-04"
        },
        {
          "track": {
            "trackName": "Maldito duende",
            "artistName": "Heroes Del Silencio",
            "albumName": "Sinfonía del rock",
            "trackUri": "spotify:track:7f3Uix3Z085KZ6rUl08XFH"
          },
          "episode": null,
          "localTrack": null,
          "addedDate": "2019-12-23"
        },
        {
          "track": {
            "trackName": "Tómame",
            "artistName": "Malacates Trebol Shop",
            "albumName": "Sólo éxitos...(Dicen)",
            "trackUri": "spotify:track:1RjMgxCwrTGbkqVCuxwmVS"
          },
          "episode": null,
          "localTrack": null,
          "addedDate": "2018-03-09"
        },
        {
          "track": {
            "trackName": "De Música Ligera",
            "artistName": "Soda Stereo",
            "albumName": "De Musica Ligera",
            "trackUri": "spotify:track:4bzmedNeY5Ky9EiG6O4jlG"
          },
          "episode": null,
          "localTrack": null,
          "addedDate": "2019-12-23"
        },
        {
          "track": {
            "trackName": "Lamento Boliviano",
            "artistName": "Los Enanitos Verdes",
            "albumName": "Coleccion Aniversario",
            "trackUri": "spotify:track:62FQCSvSUSG3m9uajVkvWe"
          },
          "episode": null,
          "localTrack": null,
          "addedDate": "2019-12-23"
        },
        {
          "track": {
            "trackName": "Ni Un Centavo",
            "artistName": "Malacates Trebol Shop",
            "albumName": "Sólo éxitos...(Dicen)",
            "trackUri": "spotify:track:6FG2MKdiWdNq68P9FX6fl9"
          },
          "episode": null,
          "localTrack": null,
          "addedDate": "2018-03-09"
        },
        {
          "track": {
            "trackName": "Luna Llena (feat. Gaby Moreno)",
            "artistName": "Malacates Trebol Shop",
            "albumName": "A Quien Corresponda.",
            "trackUri": "spotify:track:3DaRtzyMuDHs3tPKj5RsXT"
          },
          "episode": null,
          "localTrack": null,
          "addedDate": "2018-03-09"
        },
        {
          "track": {
            "trackName": "Todo Se Pagará",
            "artistName": "Malacates Trebol Shop",
            "albumName": "De Qué Sirve Querer?",
            "trackUri": "spotify:track:2WtmBAyvv1fU4VIQnzvD40"
          },
          "episode": null,
          "localTrack": null,
          "addedDate": "2018-03-09"
        },
        {
          "track": {
            "trackName": "Tal Vez (feat. Rebeca Lane)",
            "artistName": "Malacates Trebol Shop",
            "albumName": "A Quien Corresponda.",
            "trackUri": "spotify:track:0LV3R2q2ipkeEZvlyTmspi"
          },
          "episode": null,
          "localTrack": null,
          "addedDate": "2018-03-09"
        },
        {
          "track": {
            "trackName": "¿De Que Sirve Querer?",
            "artistName": "Malacates Trebol Shop",
            "albumName": "De Qué Sirve Querer?",
            "trackUri": "spotify:track:63ReNRW5t4OLewJKVg2jHD"
          },
          "episode": null,
          "localTrack": null,
          "addedDate": "2018-03-09"
        },
        {
          "track": {
            "trackName": "Oye Mi Amor",
            "artistName": "Maná",
            "albumName": "¿Dónde Jugarán Los Niños?",
            "trackUri": "spotify:track:5EJ2THuhAapEIeQOtXUQ0x"
          },
          "episode": null,
          "localTrack": null,
          "addedDate": "2020-07-29"
        },
        {
          "track": {
            "trackName": "No Se Acaba El Amor",
            "artistName": "Los Miseria Cumbia Band",
            "albumName": "Cumbia Para El Alma",
            "trackUri": "spotify:track:5OFN1k3cPjt8ghUpz3TWdc"
          },
          "episode": null,
          "localTrack": null,
          "addedDate": "2020-07-29"
        },
        {
          "track": {
            "trackName": "Tabaco Y Chanel",
            "artistName": "Bacilos",
            "albumName": "Bacilos",
            "trackUri": "spotify:track:48svUiwMMYQRPyesVEnof1"
          },
          "episode": null,
          "localTrack": null,
          "addedDate": "2020-07-29"
        },
        {
          "track": {
            "trackName": "Héroe de leyenda",
            "artistName": "Heroes Del Silencio",
            "albumName": "El Mar No Cesa- Edición Especial",
            "trackUri": "spotify:track:6pAvXn45z0sktftypuEEzt"
          },
          "episode": null,
          "localTrack": null,
          "addedDate": "2021-01-09"
        },
        {
          "track": {
            "trackName": "Las piedras rodantes",
            "artistName": "El Tri",
            "albumName": "Una rola para los minusválidos",
            "trackUri": "spotify:track:1gd7Q7mxviLWkG5HgvAMAc"
          },
          "episode": null,
          "localTrack": null,
          "addedDate": "2020-07-29"
        }
      ],
      "description": null,
      "numberOfFollowers": 0
    },
    {
      "name": "Liked from Radio",
      "lastModifiedDate": "2018-10-16",
      "items": [
        {
          "track": {
            "trackName": "Born To Be Yours",
            "artistName": "Kygo",
            "albumName": "Born To Be Yours",
            "trackUri": "spotify:track:0kHyKhJMukHEPfeh8s7rdM"
          },
          "episode": null,
          "localTrack": null,
          "addedDate": "2018-09-11"
        },
        {
          "track": {
            "trackName": "It's Time",
            "artistName": "Gavin Mikhail",
            "albumName": "Im Not The Only One",
            "trackUri": "spotify:track:67jTooF4NM8NkbmzDoVbKY"
          },
          "episode": null,
          "localTrack": null,
          "addedDate": "2018-05-23"
        },
        {
          "track": {
            "trackName": "Knockin' On Heaven's Door",
            "artistName": "Guns N' Roses",
            "albumName": "Use Your Illusion II",
            "trackUri": "spotify:track:7gXdAqJLCa5aYUeLVxosOz"
          },
          "episode": null,
          "localTrack": null,
          "addedDate": "2018-05-15"
        },
        {
          "track": {
            "trackName": "You Shook Me All Night Long",
            "artistName": "AC/DC",
            "albumName": "Back In Black",
            "trackUri": "spotify:track:2SiXAy7TuUkycRVbbWDEpo"
          },
          "episode": null,
          "localTrack": null,
          "addedDate": "2018-05-04"
        },
        {
          "track": {
            "trackName": "Nothing Else Matters",
            "artistName": "Metallica",
            "albumName": "Metallica",
            "trackUri": "spotify:track:1znPMY3zq78mVuTAmOA9O7"
          },
          "episode": null,
          "localTrack": null,
          "addedDate": "2018-02-22"
        },
        {
          "track": {
            "trackName": "Sharp Edges",
            "artistName": "Linkin Park",
            "albumName": "One More Light",
            "trackUri": "spotify:track:6c0I7CfL9ziGZN8yYkLppP"
          },
          "episode": null,
          "localTrack": null,
          "addedDate": "2018-02-22"
        },
        {
          "track": {
            "trackName": "Born For Greatness",
            "artistName": "Papa Roach",
            "albumName": "Crooked Teeth",
            "trackUri": "spotify:track:5cRPdqpWkaNmIbPi6wJDg2"
          },
          "episode": null,
          "localTrack": null,
          "addedDate": "2018-02-19"
        },
        {
          "track": {
            "trackName": "Come Together",
            "artistName": "Godsmack",
            "albumName": "Live & Inspired",
            "trackUri": "spotify:track:16vXR0dOUTYtz5OtkXKFkT"
          },
          "episode": null,
          "localTrack": null,
          "addedDate": "2018-02-02"
        },
        {
          "track": {
            "trackName": "Arlandria",
            "artistName": "Foo Fighters",
            "albumName": "Wasting Light",
            "trackUri": "spotify:track:5TOYgNohZAFEPOtnchPhZS"
          },
          "episode": null,
          "localTrack": null,
          "addedDate": "2018-02-02"
        },
        {
          "track": {
            "trackName": "Lifeline",
            "artistName": "Thousand Foot Krutch",
            "albumName": "Exhale",
            "trackUri": "spotify:track:333nLXIkj5thGuWvIymETt"
          },
          "episode": null,
          "localTrack": null,
          "addedDate": "2018-02-02"
        },
        {
          "track": {
            "trackName": "Talking to Myself",
            "artistName": "Linkin Park",
            "albumName": "One More Light",
            "trackUri": "spotify:track:7nAfXgeHfDO50upcOjJOaq"
          },
          "episode": null,
          "localTrack": null,
          "addedDate": "2018-01-30"
        },
        {
          "track": {
            "trackName": "Courtesy Call",
            "artistName": "Thousand Foot Krutch",
            "albumName": "The End Is Where We Begin",
            "trackUri": "spotify:track:4iWYPj04kHXcZK0st5yzZf"
          },
          "episode": null,
          "localTrack": null,
          "addedDate": "2018-02-22"
        }
      ],
      "description": null,
      "numberOfFollowers": 0
    },
    {
      "name": "<:v",
      "lastModifiedDate": "2020-09-16",
      "items": [
        {
          "track": {
            "trackName": "Wham Bam Shang-A-Lang",
            "artistName": "Silver",
            "albumName": "Silver",
            "trackUri": "spotify:track:3qrEG6rQ9Qm72MNWeUKKiU"
          },
          "episode": null,
          "localTrack": null,
          "addedDate": "2017-11-14"
        },
        {
          "track": {
            "trackName": "Stayin' Alive - From \"Saturday Night Fever\" Soundtrack",
            "artistName": "Bee Gees",
            "albumName": "Greatest",
            "trackUri": "spotify:track:6pyzBTIjcO2AMkKE6x2Otb"
          },
          "episode": null,
          "localTrack": null,
          "addedDate": "2017-11-14"
        },
        {
          "track": {
            "trackName": "Fox On The Run",
            "artistName": "Sweet",
            "albumName": "Best Of Sweet",
            "trackUri": "spotify:track:66gG8RzSA2sVQwME8e43wX"
          },
          "episode": null,
          "localTrack": null,
          "addedDate": "2017-11-14"
        },
        {
          "track": {
            "trackName": "Lake Shore Drive",
            "artistName": "Aliotta Haynes Jeremiah",
            "albumName": "Lake Shore Drive",
            "trackUri": "spotify:track:46MX86XQqYCZRvwPpeq4Gi"
          },
          "episode": null,
          "localTrack": null,
          "addedDate": "2017-11-15"
        },
        {
          "track": {
            "trackName": "The Chain - 2004 Remaster",
            "artistName": "Fleetwood Mac",
            "albumName": "Rumours",
            "trackUri": "spotify:track:5e9TFTbltYBg2xThimr0rU"
          },
          "episode": null,
          "localTrack": null,
          "addedDate": "2017-11-15"
        },
        {
          "track": {
            "trackName": "Bring It On Home to Me",
            "artistName": "Sam Cooke",
            "albumName": "The Man Who Invented Soul",
            "trackUri": "spotify:track:0WVTQp3SOCuMr08jh1jweV"
          },
          "episode": null,
          "localTrack": null,
          "addedDate": "2017-11-15"
        },
        {
          "track": {
            "trackName": "Southern Nights",
            "artistName": "Glen Campbell",
            "albumName": "Southern Nights",
            "trackUri": "spotify:track:7kv7zBjMtVf0eIJle2VZxn"
          },
          "episode": null,
          "localTrack": null,
          "addedDate": "2017-11-15"
        },
        {
          "track": {
            "trackName": "My Sweet Lord - Remastered 2014",
            "artistName": "George Harrison",
            "albumName": "All Things Must Pass",
            "trackUri": "spotify:track:0qdQUeKVyevrbKhAo0ibxS"
          },
          "episode": null,
          "localTrack": null,
          "addedDate": "2017-11-15"
        },
        {
          "track": {
            "trackName": "Brandy (You're a Fine Girl)",
            "artistName": "Looking Glass",
            "albumName": "Looking Glass",
            "trackUri": "spotify:track:2BY7ALEWdloFHgQZG6VMLA"
          },
          "episode": null,
          "localTrack": null,
          "addedDate": "2017-11-15"
        },
        {
          "track": {
            "trackName": "Come A Little Bit Closer",
            "artistName": "Jay & The Americans",
            "albumName": "Come A Little Bit Closer: The Best Of Jay & The Americans",
            "trackUri": "spotify:track:252YuUdUaC5OojaBU0H1CP"
          },
          "episode": null,
          "localTrack": null,
          "addedDate": "2017-11-15"
        },
        {
          "track": {
            "trackName": "Surrender",
            "artistName": "Cheap Trick",
            "albumName": "Heaven Tonight",
            "trackUri": "spotify:track:2ccUQnjjNWT0rsNnsBpsCA"
          },
          "episode": null,
          "localTrack": null,
          "addedDate": "2017-11-15"
        },
        {
          "track": {
            "trackName": "Flash Light",
            "artistName": "Parliament",
            "albumName": "Funkentelechy Vs. The Placebo Syndrome",
            "trackUri": "spotify:track:6Ie9yuocD61v7hrh02moc6"
          },
          "episode": null,
          "localTrack": null,
          "addedDate": "2017-11-15"
        },
        {
          "track": {
            "trackName": "Hooked On A Feeling",
            "artistName": "Blue Swede",
            "albumName": "Hooked On A Feeling",
            "trackUri": "spotify:track:6Ac4NVYYl2U73QiTt11ZKd"
          },
          "episode": null,
          "localTrack": null,
          "addedDate": "2017-11-15"
        },
        {
          "track": {
            "trackName": "Go All The Way",
            "artistName": "Raspberries",
            "albumName": "Raspberries",
            "trackUri": "spotify:track:75GQIYnRaBg7ndHxhfYuQy"
          },
          "episode": null,
          "localTrack": null,
          "addedDate": "2017-11-15"
        },
        {
          "track": {
            "trackName": "Spirit in the Sky",
            "artistName": "Norman Greenbaum",
            "albumName": "The Original Hit Recording - Spirit in the Sky",
            "trackUri": "spotify:track:1CnTAkLCWL8Uvsr1BDiX8F"
          },
          "episode": null,
          "localTrack": null,
          "addedDate": "2017-11-15"
        },
        {
          "track": {
            "trackName": "I Want You Back",
            "artistName": "The Jackson 5",
            "albumName": "Greatest Hits",
            "trackUri": "spotify:track:2OSfEYKhlSsLx6vn4O75RK"
          },
          "episode": null,
          "localTrack": null,
          "addedDate": "2017-11-15"
        },
        {
          "track": {
            "trackName": "I'm Not In Love",
            "artistName": "10cc",
            "albumName": "20th Century Masters: The Millennium Collection: Best Of 10CC",
            "trackUri": "spotify:track:1A6Kwtsg3JWKU2KWM2udpM"
          },
          "episode": null,
          "localTrack": null,
          "addedDate": "2017-11-15"
        },
        {
          "track": {
            "trackName": "O-o-h Child",
            "artistName": "The Five Stairsteps",
            "albumName": "The First Family of Soul: The Best of The Five Stairsteps",
            "trackUri": "spotify:track:74JdR9aXE6I74oS1BVRsvb"
          },
          "episode": null,
          "localTrack": null,
          "addedDate": "2017-11-15"
        },
        {
          "track": {
            "trackName": "Ain't No Mountain High Enough - Mono Version",
            "artistName": "Marvin Gaye",
            "albumName": "Anthology",
            "trackUri": "spotify:track:4njseCGxWeZUksjhrqkleT"
          },
          "episode": null,
          "localTrack": null,
          "addedDate": "2017-11-15"
        },
        {
          "track": {
            "trackName": "Cherry Bomb",
            "artistName": "The Runaways",
            "albumName": "The Runaways",
            "trackUri": "spotify:track:7cdnq45E9aP2XDStHg5vd7"
          },
          "episode": null,
          "localTrack": null,
          "addedDate": "2017-11-15"
        },
        {
          "track": {
            "trackName": "Come And Get Your Love",
            "artistName": "Redbone",
            "albumName": "The Best Of Redbone",
            "trackUri": "spotify:track:2T43UrvAg60ubJVo5KQ3t7"
          },
          "episode": null,
          "localTrack": null,
          "addedDate": "2017-11-15"
        },
        {
          "track": {
            "trackName": "Sweet Dreams (Are Made of This) - Remastered",
            "artistName": "Eurythmics",
            "albumName": "Sweet Dreams (Are Made Of This)",
            "trackUri": "spotify:track:1TfqLAPs4K3s2rJMoCokcS"
          },
          "episode": null,
          "localTrack": null,
          "addedDate": "2018-02-09"
        },
        {
          "track": {
            "trackName": "Planet Earth - Single Version",
            "artistName": "Duran Duran",
            "albumName": "Greatest",
            "trackUri": "spotify:track:3MTP9Ea2Z2PEgB09tXhp3S"
          },
          "episode": null,
          "localTrack": null,
          "addedDate": "2018-05-15"
        },
        {
          "track": {
            "trackName": "Come and Get Your Love - Single Version",
            "artistName": "Redbone",
            "albumName": "Come and Get Your Love",
            "trackUri": "spotify:track:7GVUmCP00eSsqc4tzj1sDD"
          },
          "episode": null,
          "localTrack": null,
          "addedDate": "2019-04-29"
        },
        {
          "track": {
            "trackName": "Gangsta's Paradise",
            "artistName": "Coolio",
            "albumName": "Gangsta's Paradise",
            "trackUri": "spotify:track:7lQWRAjyhTpCWFC0jmclT4"
          },
          "episode": null,
          "localTrack": null,
          "addedDate": "2019-06-05"
        },
        {
          "track": {
            "trackName": "Hotel California - 2013 Remaster",
            "artistName": "Eagles",
            "albumName": "Hotel California",
            "trackUri": "spotify:track:40riOy7x9W7GXjyGp4pjAv"
          },
          "episode": null,
          "localTrack": null,
          "addedDate": "2019-12-31"
        },
        {
          "track": {
            "trackName": "I Want to Know What Love Is - 1999 Remaster",
            "artistName": "Foreigner",
            "albumName": "Agent Provocateur",
            "trackUri": "spotify:track:1JLn8RhQzHz3qDqsChcmBl"
          },
          "episode": null,
          "localTrack": null,
          "addedDate": "2020-01-16"
        },
        {
          "track": {
            "trackName": "Father And Son",
            "artistName": "Yusuf / Cat Stevens",
            "albumName": "Tea for the Tillerman",
            "trackUri": "spotify:track:19slC7k8bsPOAKDjHYLU2W"
          },
          "episode": null,
          "localTrack": null,
          "addedDate": "2020-04-24"
        },
        {
          "track": {
            "trackName": "Have You Ever Seen The Rain",
            "artistName": "Creedence Clearwater Revival",
            "albumName": "Pendulum",
            "trackUri": "spotify:track:2LawezPeJhN4AWuSB0GtAU"
          },
          "episode": null,
          "localTrack": null,
          "addedDate": "2020-07-29"
        }
      ],
      "description": null,
      "numberOfFollowers": 0
    },
    {
      "name": "NA",
      "lastModifiedDate": "2022-11-12",
      "items": [
        {
          "track": {
            "trackName": "Ven Bailalo - Reggaeton Mix",
            "artistName": "Angel Y Khriz",
            "albumName": "Ven Bailalo",
            "trackUri": "spotify:track:5nZYc9ZDMhlXv6iWahZTU8"
          },
          "episode": null,
          "localTrack": null,
          "addedDate": "2020-07-29"
        },
        {
          "track": {
            "trackName": "Llamado de Emergencia",
            "artistName": "Daddy Yankee",
            "albumName": "Talento de Barrio",
            "trackUri": "spotify:track:3bkBVEmRJuJZNh5iVgJkWm"
          },
          "episode": null,
          "localTrack": null,
          "addedDate": "2020-07-29"
        },
        {
          "track": {
            "trackName": "Ella Y Yo - Featuring Don Omar",
            "artistName": "Aventura",
            "albumName": "God's Project",
            "trackUri": "spotify:track:6G4U9avyBNEfP0fAIduev3"
          },
          "episode": null,
          "localTrack": null,
          "addedDate": "2020-07-29"
        },
        {
          "track": {
            "trackName": "Ella Me Levanto",
            "artistName": "Daddy Yankee",
            "albumName": "El Cartel: The Big Boss",
            "trackUri": "spotify:track:3AZXqe3LGCFD4r6YFJgaK3"
          },
          "episode": null,
          "localTrack": null,
          "addedDate": "2020-07-29"
        },
        {
          "track": {
            "trackName": "Lo Que Pasó, Pasó",
            "artistName": "Daddy Yankee",
            "albumName": "Barrio Fino (Bonus Track Version)",
            "trackUri": "spotify:track:6z5Xrx58p5Bs18RIe6KXbI"
          },
          "episode": null,
          "localTrack": null,
          "addedDate": "2020-07-29"
        },
        {
          "track": {
            "trackName": "Tonight (I'm Fuckin' You)",
            "artistName": "Enrique Iglesias",
            "albumName": "Tonight (I'm Fuckin' You)",
            "trackUri": "spotify:track:3rDFqo8yv93PtTmdOYOPzX"
          },
          "episode": null,
          "localTrack": null,
          "addedDate": "2020-07-29"
        },
        {
          "track": {
            "trackName": "Travesuras - Remix",
            "artistName": "Nicky Jam",
            "albumName": "Nicky Jam Hits",
            "trackUri": "spotify:track:7LWNXhCVm6GWy2QGpogknU"
          },
          "episode": null,
          "localTrack": null,
          "addedDate": "2020-07-29"
        },
        {
          "track": {
            "trackName": "Pierdo la Cabeza - Remix",
            "artistName": "Zion & Lennox",
            "albumName": "Pierdo la Cabeza (Remix)",
            "trackUri": "spotify:track:7dnOGJWp5Mspq4drP0oaxZ"
          },
          "episode": null,
          "localTrack": null,
          "addedDate": "2020-07-29"
        },
        {
          "track": {
            "trackName": "La Botella",
            "artistName": "Mach & Daddy",
            "albumName": "Desde Abajo",
            "trackUri": "spotify:track:1IlJpEiMt4nuLr3cWFQUxa"
          },
          "episode": null,
          "localTrack": null,
          "addedDate": "2020-07-29"
        },
        {
          "track": {
            "trackName": "Por Fin Te Encontré",
            "artistName": "Cali Y El Dandee",
            "albumName": "Por Fin Te Encontré",
            "trackUri": "spotify:track:2DAULesb1U4Qz4FSTZpEUJ"
          },
          "episode": null,
          "localTrack": null,
          "addedDate": "2020-07-29"
        },
        {
          "track": {
            "trackName": "Yo Te Esperaré",
            "artistName": "Cali Y El Dandee",
            "albumName": "3 A.M.",
            "trackUri": "spotify:track:0mGvaKpwLYoybnIoboC3uS"
          },
          "episode": null,
          "localTrack": null,
          "addedDate": "2020-07-29"
        },
        {
          "track": {
            "trackName": "Una Cita - Remix",
            "artistName": "Alkilados",
            "albumName": "Una Cita",
            "trackUri": "spotify:track:3Ke1NVElHXQpBeuWz6QOt8"
          },
          "episode": null,
          "localTrack": null,
          "addedDate": "2020-07-29"
        },
        {
          "track": {
            "trackName": "Ay Vamos",
            "artistName": "J Balvin",
            "albumName": "La Familia B Sides",
            "trackUri": "spotify:track:6Ges5C2IE738iJh4HyQizQ"
          },
          "episode": null,
          "localTrack": null,
          "addedDate": "2020-07-29"
        },
        {
          "track": {
            "trackName": "6 AM",
            "artistName": "J Balvin",
            "albumName": "La Familia",
            "trackUri": "spotify:track:7mPwkbaoiQ5bf8FPbRJzUr"
          },
          "episode": null,
          "localTrack": null,
          "addedDate": "2020-07-29"
        },
        {
          "track": {
            "trackName": "Nota de Amor (feat. Daddy Yankee)",
            "artistName": "Wisin",
            "albumName": "Los Vaqueros: La Trilogía",
            "trackUri": "spotify:track:4YW2Fr25fHwUt6qgvM1iE1"
          },
          "episode": null,
          "localTrack": null,
          "addedDate": "2020-07-29"
        },
        {
          "track": {
            "trackName": "Si No Le Contesto",
            "artistName": "Plan B",
            "albumName": "Pina Records Present #1 Exclusive Urban Remixes",
            "trackUri": "spotify:track:11H3GiJHssXj8GRNinDV1R"
          },
          "episode": null,
          "localTrack": null,
          "addedDate": "2020-07-29"
        },
        {
          "track": {
            "trackName": "Pégate Más",
            "artistName": "Dyland & Lenny",
            "albumName": "My World 2",
            "trackUri": "spotify:track:7IUqWSyZP376AhNCmQwYRE"
          },
          "episode": null,
          "localTrack": null,
          "addedDate": "2020-07-29"
        },
        {
          "track": {
            "trackName": "Ginza",
            "artistName": "J Balvin",
            "albumName": "Energía",
            "trackUri": "spotify:track:2C2TGgFzrTRIOdQS1vUN5h"
          },
          "episode": null,
          "localTrack": null,
          "addedDate": "2020-07-29"
        },
        {
          "track": {
            "trackName": "Niña Bonita",
            "artistName": "Chino & Nacho",
            "albumName": "Mi Niña Bonita - Reloaded",
            "trackUri": "spotify:track:4u5xLMRN0dgKBFFN8FiNgv"
          },
          "episode": null,
          "localTrack": null,
          "addedDate": "2020-07-29"
        },
        {
          "track": {
            "trackName": "DUELE EL CORAZON (feat. Wisin)",
            "artistName": "Enrique Iglesias",
            "albumName": "DUELE EL CORAZON (feat. Wisin)",
            "trackUri": "spotify:track:6YZdkObH88npeKrrkb8Ggf"
          },
          "episode": null,
          "localTrack": null,
          "addedDate": "2020-07-29"
        },
        {
          "track": {
            "trackName": "Pierdo la Cabeza - Remix",
            "artistName": "Zion & Lennox",
            "albumName": "Pierdo la Cabeza (Remix)",
            "trackUri": "spotify:track:43Wm1LihttnRSNZ9l74igQ"
          },
          "episode": null,
          "localTrack": null,
          "addedDate": "2020-07-29"
        },
        {
          "track": {
            "trackName": "¿Qué Tengo Que Hacer?",
            "artistName": "Daddy Yankee",
            "albumName": "Talento de Barrio",
            "trackUri": "spotify:track:0nssGbqC6ZSMx0OliWCkHk"
          },
          "episode": null,
          "localTrack": null,
          "addedDate": "2020-07-29"
        },
        {
          "track": {
            "trackName": "Pose",
            "artistName": "Daddy Yankee",
            "albumName": "Talento de Barrio",
            "trackUri": "spotify:track:5BB5zjzCzo9M3uOKzhiXZB"
          },
          "episode": null,
          "localTrack": null,
          "addedDate": "2020-07-29"
        },
        {
          "track": {
            "trackName": "Noche Y De Dia",
            "artistName": "Enrique Iglesias",
            "albumName": "SEX AND LOVE",
            "trackUri": "spotify:track:2UW1QAv0G81h0vPqCCCxba"
          },
          "episode": null,
          "localTrack": null,
          "addedDate": "2020-07-29"
        },
        {
          "track": {
            "trackName": "Hoy Lo Siento (feat. Tony Dize)",
            "artistName": "Zion",
            "albumName": "Los Verdaderos",
            "trackUri": "spotify:track:0zOTCXeKyojEa4kNkUqrQK"
          },
          "episode": null,
          "localTrack": null,
          "addedDate": "2020-07-29"
        },
        {
          "track": {
            "trackName": "Humanos a Marte",
            "artistName": "Chayanne",
            "albumName": "En Todo Estaré (Deluxe Edition)",
            "trackUri": "spotify:track:7lOzUJzsELALh5FQsPKTEn"
          },
          "episode": null,
          "localTrack": null,
          "addedDate": "2020-07-29"
        },
        {
          "track": {
            "trackName": "Dejaría Todo",
            "artistName": "Chayanne",
            "albumName": "Atado A Tu Amor",
            "trackUri": "spotify:track:79mdw3IznNCFsF7R9O2KGz"
          },
          "episode": null,
          "localTrack": null,
          "addedDate": "2020-07-29"
        },
        {
          "track": {
            "trackName": "Sentada Aqui En Mi Alma",
            "artistName": "Chayanne",
            "albumName": "Sincero",
            "trackUri": "spotify:track:05QhG4JOkDSPh4OsUCAUvM"
          },
          "episode": null,
          "localTrack": null,
          "addedDate": "2020-07-29"
        },
        {
          "track": {
            "trackName": "Y Tú Te Vas",
            "artistName": "Chayanne",
            "albumName": "Grandes Exitos",
            "trackUri": "spotify:track:7zuwr7YqqpveNtxlKe1vn6"
          },
          "episode": null,
          "localTrack": null,
          "addedDate": "2020-07-29"
        },
        {
          "track": {
            "trackName": "Un Siglo Sin Ti",
            "artistName": "Chayanne",
            "albumName": "Chayanne",
            "trackUri": "spotify:track:5NSJ0qoxwbO26tVvqpL4N2"
          },
          "episode": null,
          "localTrack": null,
          "addedDate": "2020-07-29"
        },
        {
          "track": {
            "trackName": "No Me Quiero Enamorar",
            "artistName": "Kalimba",
            "albumName": "Aerosoul",
            "trackUri": "spotify:track:6LUWcw7HapRK92mQI42Tzp"
          },
          "episode": null,
          "localTrack": null,
          "addedDate": "2020-10-12"
        },
        {
          "track": {
            "trackName": "Desde Esa Noche (feat. Maluma)",
            "artistName": "Thalia",
            "albumName": "Latina",
            "trackUri": "spotify:track:1pWYnQIlqxTh5bxuPmTG4E"
          },
          "episode": null,
          "localTrack": null,
          "addedDate": "2020-11-10"
        },
        {
          "track": {
            "trackName": "Taboo",
            "artistName": "Don Omar",
            "albumName": "Meet The Orphans",
            "trackUri": "spotify:track:4cyYC67XY3weSVmSLdKLP8"
          },
          "episode": null,
          "localTrack": null,
          "addedDate": "2021-01-14"
        },
        {
          "track": {
            "trackName": "Te Busco",
            "artistName": "Cosculluela",
            "albumName": "Te Busco",
            "trackUri": "spotify:track:2hi1aFllOFRNH8gIHxQvD9"
          },
          "episode": null,
          "localTrack": null,
          "addedDate": "2022-01-14"
        },
        {
          "track": {
            "trackName": "El Doctorado",
            "artistName": "Tony Dize",
            "albumName": "La Melodia de la Calle (Remastered)",
            "trackUri": "spotify:track:56TE6fxZAcfQGcMVmezo7B"
          },
          "episode": null,
          "localTrack": null,
          "addedDate": "2022-01-17"
        },
        {
          "track": {
            "trackName": "Pasarela",
            "artistName": "Daddy Yankee",
            "albumName": "Prestige",
            "trackUri": "spotify:track:7uUYUy2qLfev9ppNvFBHpX"
          },
          "episode": null,
          "localTrack": null,
          "addedDate": "2022-01-30"
        },
        {
          "track": {
            "trackName": "Ven Conmigo",
            "artistName": "Daddy Yankee",
            "albumName": "Prestige",
            "trackUri": "spotify:track:2QSuNcQxqFfokvbS7SInHG"
          },
          "episode": null,
          "localTrack": null,
          "addedDate": "2022-01-30"
        },
        {
          "track": {
            "trackName": "La Melodía",
            "artistName": "Joey Montana",
            "albumName": "Flow Con Clase",
            "trackUri": "spotify:track:2sH1DIngiSA8EQfkcQXpBq"
          },
          "episode": null,
          "localTrack": null,
          "addedDate": "2022-01-30"
        },
        {
          "track": {
            "trackName": "Lo Que No Sabes Tú",
            "artistName": "Chino & Nacho",
            "albumName": "Mi Niña Bonita - Reloaded",
            "trackUri": "spotify:track:1X4NgxoIymHDppwBjUigRJ"
          },
          "episode": null,
          "localTrack": null,
          "addedDate": "2022-01-30"
        },
        {
          "track": {
            "trackName": "Donde Estés Llegaré",
            "artistName": "Alexis y Fido",
            "albumName": "Perreología",
            "trackUri": "spotify:track:2PyuytS9WHUXcqzR1lJYV0"
          },
          "episode": null,
          "localTrack": null,
          "addedDate": "2022-01-30"
        },
        {
          "track": {
            "trackName": "Na De Na",
            "artistName": "Angel Y Khriz",
            "albumName": "Showtime",
            "trackUri": "spotify:track:2Jz1X6ZB0gkkCVgmeVGVGp"
          },
          "episode": null,
          "localTrack": null,
          "addedDate": "2022-01-30"
        },
        {
          "track": {
            "trackName": "Me Enamoré",
            "artistName": "Angel Y Khriz",
            "albumName": "Da' Take Over",
            "trackUri": "spotify:track:57WauWILXLXRzBXNaxf9FM"
          },
          "episode": null,
          "localTrack": null,
          "addedDate": "2022-01-30"
        },
        {
          "track": {
            "trackName": "Permitame",
            "artistName": "Tony Dize",
            "albumName": "Permitame",
            "trackUri": "spotify:track:0X5jHsNHshuHNfAWs1sxQ5"
          },
          "episode": null,
          "localTrack": null,
          "addedDate": "2022-01-30"
        },
        {
          "track": {
            "trackName": "Una Vaina Loca (feat. El Potro)",
            "artistName": "Fuego",
            "albumName": "La Musica Del Futuro Reloaded (The Chosen Few Edition)",
            "trackUri": "spotify:track:4cdvEShhfVE4UIHcjoK7NA"
          },
          "episode": null,
          "localTrack": null,
          "addedDate": "2022-01-30"
        },
        {
          "track": {
            "trackName": "Lovumba",
            "artistName": "Daddy Yankee",
            "albumName": "Prestige",
            "trackUri": "spotify:track:6oyl7ELfrMqXLhGmIjXY9R"
          },
          "episode": null,
          "localTrack": null,
          "addedDate": "2022-01-30"
        },
        {
          "track": {
            "trackName": "Estoy Enamorado",
            "artistName": "Wisin & Yandel",
            "albumName": "Los Vaqueros, El Regreso",
            "trackUri": "spotify:track:4JyacVQ1oCFXpnZkDuH5x4"
          },
          "episode": null,
          "localTrack": null,
          "addedDate": "2022-01-30"
        },
        {
          "track": {
            "trackName": "Te Amo",
            "artistName": "Makano",
            "albumName": "Te Amo",
            "trackUri": "spotify:track:0FdkCswS3joJwBptQWeQTA"
          },
          "episode": null,
          "localTrack": null,
          "addedDate": "2022-01-30"
        },
        {
          "track": {
            "trackName": "Con Calma - Remix",
            "artistName": "Daddy Yankee",
            "albumName": "Con Calma",
            "trackUri": "spotify:track:4au7FRcgZzChASRYu279xH"
          },
          "episode": null,
          "localTrack": null,
          "addedDate": "2022-10-07"
        },
        {
          "track": {
            "trackName": "Me Rehúso",
            "artistName": "Danny Ocean",
            "albumName": "Me Rehúso",
            "trackUri": "spotify:track:6De0lHrwBfPfrhorm9q1Xl"
          },
          "episode": null,
          "localTrack": null,
          "addedDate": "2022-11-11"
        },
        {
          "track": {
            "trackName": "El Señor de la Noche",
            "artistName": "Don Omar",
            "albumName": "El Señor de la Noche",
            "trackUri": "spotify:track:7o5V0BUS9x8zdXMb2CiGpi"
          },
          "episode": null,
          "localTrack": null,
          "addedDate": "2022-11-12"
        }
      ],
      "description": null,
      "numberOfFollowers": 0
    }
  ]
}