[
  {
    "platform" : "WIN32_X86",
    "searchTime" : "2022-09-18T19:34:25.131Z[UTC]",
    "searchQuery" : "like a stone",
    "searchInteractionURIs" : [
    ]
  },
  {
    "platform" : "IPHONE_ARM64",
    "searchTime" : "2022-09-21T08:52:13.902Z[UTC]",
    "searchQuery" : "millio",
    "searchInteractionURIs" : [
    ]
  },
  {
    "platform" : "IPHONE",
    "searchTime" : "2022-09-21T08:52:24.226Z[UTC]",
    "searchQuery" : "million raindrops",
    "searchInteractionURIs" : [
      "spotify:track:5zexnsJIRpFqr9wmplGg7q",
      "spotify:track:6tEFmKVrMoaUYDHsPWOfRz",
      "spotify:track:6tEFmKVrMoaUYDHsPWOfRz",
      "spotify:track:6tEFmKVrMoaUYDHsPWOfRz",
      "spotify:track:6tEFmKVrMoaUYDHsPWOfRz",
      "spotify:track:6tEFmKVrMoaUYDHsPWOfRz",
      "spotify:track:6tEFmKVrMoaUYDHsPWOfRz"
    ]
  },
  {
    "platform" : "IPHONE_ARM64",
    "searchTime" : "2022-09-21T08:53:39.415Z[UTC]",
    "searchQuery" : "a millions",
    "searchInteractionURIs" : [
    ]
  },
  {
    "platform" : "IPHONE_ARM64",
    "searchTime" : "2022-09-21T08:53:43.847Z[UTC]",
    "searchQuery" : "a million raindro",
    "searchInteractionURIs" : [
    ]
  },
  {
    "platform" : "IPHONE",
    "searchTime" : "2022-09-21T08:53:56.371Z[UTC]",
    "searchQuery" : "million raindrops",
    "searchInteractionURIs" : [
      "spotify:track:4iFjnuWGaJNLJGHZk65xvU"
    ]
  },
  {
    "platform" : "IPHONE",
    "searchTime" : "2022-09-21T08:54:14.781Z[UTC]",
    "searchQuery" : "million raindrops",
    "searchInteractionURIs" : [
      "spotify:track:5zexnsJIRpFqr9wmplGg7q",
      "spotify:track:3gdZfKHkeLASKMfnFIvFfw",
      "spotify:track:6lVwciGWmMiJyLeT61H0kv",
      "spotify:track:6tEFmKVrMoaUYDHsPWOfRz",
      "spotify:track:5kif9FD5y848HxgWjHnGWo"
    ]
  },
  {
    "platform" : "IPHONE_ARM64",
    "searchTime" : "2022-09-24T15:53:16.739Z[UTC]",
    "searchQuery" : "hip",
    "searchInteractionURIs" : [
    ]
  },
  {
    "platform" : "IPHONE_ARM64",
    "searchTime" : "2022-09-24T15:53:19.080Z[UTC]",
    "searchQuery" : "hips d",
    "searchInteractionURIs" : [
    ]
  },
  {
    "platform" : "IPHONE_ARM64",
    "searchTime" : "2022-09-24T15:53:20.534Z[UTC]",
    "searchQuery" : "hips dont ",
    "searchInteractionURIs" : [
    ]
  },
  {
    "platform" : "IPHONE_ARM64",
    "searchTime" : "2022-09-24T15:53:21.249Z[UTC]",
    "searchQuery" : "hips dont li",
    "searchInteractionURIs" : [
    ]
  },
  {
    "platform" : "IPHONE_ARM64",
    "searchTime" : "2022-09-24T15:53:21.810Z[UTC]",
    "searchQuery" : "hips dont lie e",
    "searchInteractionURIs" : [
    ]
  },
  {
    "platform" : "IPHONE",
    "searchTime" : "2022-09-24T15:53:24.086Z[UTC]",
    "searchQuery" : "hips dont lie esp",
    "searchInteractionURIs" : [
      "spotify:track:2MvAVCemROwiNpznvgRBHH",
      "spotify:track:52XoFtAGfg9AFuCB4YCcVQ",
      "spotify:track:7zFgqfzJsDNG9hgL1Dwp6J",
      "spotify:track:2MvAVCemROwiNpznvgRBHH"
    ]
  },
  {
    "platform" : "IPHONE_ARM64",
    "searchTime" : "2022-09-24T15:53:33.361Z[UTC]",
    "searchQuery" : "hips dont lie esp",
    "searchInteractionURIs" : [
    ]
  },
  {
    "platform" : "IPHONE_ARM64",
    "searchTime" : "2022-09-24T16:17:23.096Z[UTC]",
    "searchQuery" : "hips dont lie esp",
    "searchInteractionURIs" : [
    ]
  },
  {
    "platform" : "IPHONE",
    "searchTime" : "2022-09-24T16:17:35.781Z[UTC]",
    "searchQuery" : "la tor",
    "searchInteractionURIs" : [
      "spotify:track:5BSclXJTa9B0iURhUjZo50"
    ]
  },
  {
    "platform" : "IPHONE",
    "searchTime" : "2022-09-24T16:17:57.901Z[UTC]",
    "searchQuery" : "hips don't lie",
    "searchInteractionURIs" : [
      "spotify:search:hips+don%27t+lie+bamboo+2006+fifa+world+cup+mix"
    ]
  },
  {
    "platform" : "IPHONE",
    "searchTime" : "2022-09-24T16:18:00.302Z[UTC]",
    "searchQuery" : "hips don't lie bamboo 2006 fifa world cup mix",
    "searchInteractionURIs" : [
      "spotify:playlist:3prtpQQ9Ga3anv7gZAjcDj",
      "spotify:episode:3h73cWHWIiwd0bBaqGA5qg",
      "spotify:track:3ZFTkvIE7kyPt6Nu3PEa7V",
      "spotify:track:52XoFtAGfg9AFuCB4YCcVQ"
    ]
  },
  {
    "platform" : "IPHONE",
    "searchTime" : "2022-09-24T16:22:00.324Z[UTC]",
    "searchQuery" : "hips don't lie bamboo 2006 fifa world cup mix",
    "searchInteractionURIs" : [
      "spotify:track:4AoB3itJ3VQRrIjm7OXQgO"
    ]
  },
  {
    "platform" : "IPHONE",
    "searchTime" : "2022-09-24T17:21:15.722Z[UTC]",
    "searchQuery" : "they",
    "searchInteractionURIs" : [
      "spotify:track:3wuCCNCnBhJlwkIJTBZFiv",
      "spotify:track:6M31fPFCYB8Job3MCjjrDV",
      "spotify:track:3wuCCNCnBhJlwkIJTBZFiv",
      "spotify:artist:3fMbdgg4jU18AjLCKBhRSm"
    ]
  },
  {
    "platform" : "IPHONE_ARM64",
    "searchTime" : "2022-09-24T17:31:43.600Z[UTC]",
    "searchQuery" : "t",
    "searchInteractionURIs" : [
    ]
  },
  {
    "platform" : "IPHONE_ARM64",
    "searchTime" : "2022-09-24T17:31:45.734Z[UTC]",
    "searchQuery" : "the wa",
    "searchInteractionURIs" : [
    ]
  },
  {
    "platform" : "IPHONE",
    "searchTime" : "2022-09-24T17:31:48.403Z[UTC]",
    "searchQuery" : "the way ",
    "searchInteractionURIs" : [
      "spotify:track:0sKlV58cODrjxGFOyf9IXY"
    ]
  },
  {
    "platform" : "IPHONE_ARM64",
    "searchTime" : "2022-09-24T17:34:31.143Z[UTC]",
    "searchQuery" : "m",
    "searchInteractionURIs" : [
    ]
  },
  {
    "platform" : "IPHONE",
    "searchTime" : "2022-09-24T17:34:33.243Z[UTC]",
    "searchQuery" : "michaek",
    "searchInteractionURIs" : [
      "spotify:search:michael+jackson"
    ]
  },
  {
    "platform" : "IPHONE",
    "searchTime" : "2022-09-24T17:34:37.721Z[UTC]",
    "searchQuery" : "michael jackson",
    "searchInteractionURIs" : [
      "spotify:track:3AoeaZs8dFemFJr3JdzOL0",
      "spotify:track:4GCGH6TJ69neckwITeBFXK",
      "spotify:track:48td6xvpokdYwvbl3JIiXP"
    ]
  },
  {
    "platform" : "IPHONE",
    "searchTime" : "2022-09-24T17:50:20.702Z[UTC]",
    "searchQuery" : "michael jackson",
    "searchInteractionURIs" : [
      "spotify:track:0sKlV58cODrjxGFOyf9IXY"
    ]
  },
  {
    "platform" : "WIN32_X86",
    "searchTime" : "2022-09-28T21:47:05.027Z[UTC]",
    "searchQuery" : "aleluya",
    "searchInteractionURIs" : [
    ]
  },
  {
    "platform" : "WIN32_X86",
    "searchTime" : "2022-09-28T21:47:15.820Z[UTC]",
    "searchQuery" : "aleluya",
    "searchInteractionURIs" : [
    ]
  },
  {
    "platform" : "WIN32_X86",
    "searchTime" : "2022-09-30T04:50:39.335Z[UTC]",
    "searchQuery" : "pa",
    "searchInteractionURIs" : [
    ]
  },
  {
    "platform" : "WIN32_X86",
    "searchTime" : "2022-09-30T05:03:00.454Z[UTC]",
    "searchQuery" : "mas ",
    "searchInteractionURIs" : [
    ]
  },
  {
    "platform" : "WIN32_X86",
    "searchTime" : "2022-09-30T05:03:01.301Z[UTC]",
    "searchQuery" : "mas rick",
    "searchInteractionURIs" : [
    ]
  },
  {
    "platform" : "WIN32_X86",
    "searchTime" : "2022-10-03T05:56:05.101Z[UTC]",
    "searchQuery" : "todavia",
    "searchInteractionURIs" : [
    ]
  },
  {
    "platform" : "WIN32_X86",
    "searchTime" : "2022-10-03T05:59:00.191Z[UTC]",
    "searchQuery" : "eres un",
    "searchInteractionURIs" : [
    ]
  },
  {
    "platform" : "WIN32_X86",
    "searchTime" : "2022-10-03T05:59:26.068Z[UTC]",
    "searchQuery" : "eres un sue",
    "searchInteractionURIs" : [
    ]
  },
  {
    "platform" : "IPHONE",
    "searchTime" : "2022-10-04T17:03:03.119Z[UTC]",
    "searchQuery" : "snow",
    "searchInteractionURIs" : [
      "spotify:track:7uoFMmxln0GPXQ0AcCBXRq",
      "spotify:track:3b95085PI7P3X3oC16Z3Wd"
    ]
  },
  {
    "platform" : "IPHONE_ARM64",
    "searchTime" : "2022-10-04T19:28:07.377Z[UTC]",
    "searchQuery" : "ol",
    "searchInteractionURIs" : [
    ]
  },
  {
    "platform" : "IPHONE",
    "searchTime" : "2022-10-04T19:28:07.660Z[UTC]",
    "searchQuery" : "old ",
    "searchInteractionURIs" : [
      "spotify:search:old+town+road"
    ]
  },
  {
    "platform" : "IPHONE",
    "searchTime" : "2022-10-04T19:28:09.466Z[UTC]",
    "searchQuery" : "old town road",
    "searchInteractionURIs" : [
      "spotify:track:2YpeDb67231RjR0MgVLzsG",
      "spotify:track:0F7FA14euOIX8KcbEturGH"
    ]
  },
  {
    "platform" : "IPHONE",
    "searchTime" : "2022-10-05T07:53:38.053Z[UTC]",
    "searchQuery" : "2015",
    "searchInteractionURIs" : [
      "spotify:playlist:37i9dQZF1DX9ukdrXQLJGZ"
    ]
  },
  {
    "platform" : "IPHONE_ARM64",
    "searchTime" : "2022-10-05T08:00:49.961Z[UTC]",
    "searchQuery" : "f",
    "searchInteractionURIs" : [
    ]
  },
  {
    "platform" : "IPHONE",
    "searchTime" : "2022-10-05T08:00:51.514Z[UTC]",
    "searchQuery" : "faded",
    "searchInteractionURIs" : [
      "spotify:search:faded",
      "spotify:track:698ItKASDavgwZ3WjaWjtz"
    ]
  },
  {
    "platform" : "WIN32_X86",
    "searchTime" : "2022-10-07T08:26:39.940Z[UTC]",
    "searchQuery" : "la despedida",
    "searchInteractionURIs" : [
    ]
  },
  {
    "platform" : "WIN32_X86",
    "searchTime" : "2022-10-07T08:30:22.661Z[UTC]",
    "searchQuery" : "con cal",
    "searchInteractionURIs" : [
    ]
  },
  {
    "platform" : "IPHONE",
    "searchTime" : "2022-10-09T16:49:59.676Z[UTC]",
    "searchQuery" : "carol ",
    "searchInteractionURIs" : [
      "spotify:track:0byPyCPX9mfGMiAGVZxasq"
    ]
  },
  {
    "platform" : "WIN32_X86",
    "searchTime" : "2022-10-09T20:45:40.148Z[UTC]",
    "searchQuery" : "mmm",
    "searchInteractionURIs" : [
    ]
  },
  {
    "platform" : "WIN32_X86",
    "searchTime" : "2022-10-16T04:08:53.193Z[UTC]",
    "searchQuery" : "pa",
    "searchInteractionURIs" : [
    ]
  },
  {
    "platform" : "WIN32_X86",
    "searchTime" : "2022-10-16T04:08:53.431Z[UTC]",
    "searchQuery" : "par",
    "searchInteractionURIs" : [
    ]
  },
  {
    "platform" : "WIN32_X86",
    "searchTime" : "2022-10-16T04:08:55.593Z[UTC]",
    "searchQuery" : "party a",
    "searchInteractionURIs" : [
    ]
  },
  {
    "platform" : "WIN32_X86",
    "searchTime" : "2022-10-16T04:08:55.709Z[UTC]",
    "searchQuery" : "party a",
    "searchInteractionURIs" : [
    ]
  },
  {
    "platform" : "IPHONE",
    "searchTime" : "2022-10-16T17:39:07.588Z[UTC]",
    "searchQuery" : "party",
    "searchInteractionURIs" : [
      "spotify:track:0Rj2yNpEvXOl8yn9UOuIRs"
    ]
  },
  {
    "platform" : "IPHONE_ARM64",
    "searchTime" : "2022-10-18T06:53:42.133Z[UTC]",
    "searchQuery" : "fi",
    "searchInteractionURIs" : [
    ]
  },
  {
    "platform" : "IPHONE",
    "searchTime" : "2022-10-18T06:53:42.674Z[UTC]",
    "searchQuery" : "fire",
    "searchInteractionURIs" : [
      "spotify:track:1I8tHoNBFTuoJAlh4hfVVE",
      "spotify:track:7t3Xdbufg7q2onVsR8RBdY"
    ]
  },
  {
    "platform" : "IPHONE",
    "searchTime" : "2022-10-18T06:57:00.702Z[UTC]",
    "searchQuery" : "fight n",
    "searchInteractionURIs" : [
    ]
  },
  {
    "platform" : "IPHONE_ARM64",
    "searchTime" : "2022-10-21T04:31:39.604Z[UTC]",
    "searchQuery" : "alibi f",
    "searchInteractionURIs" : [
    ]
  },
  {
    "platform" : "IPHONE",
    "searchTime" : "2022-10-21T04:31:40.489Z[UTC]",
    "searchQuery" : "alibi fire",
    "searchInteractionURIs" : [
      "spotify:track:1jagOb9G04Op7xIS1ZyaMa"
    ]
  },
  {
    "platform" : "WIN32_X86",
    "searchTime" : "2022-10-22T19:58:13.470Z[UTC]",
    "searchQuery" : "c",
    "searchInteractionURIs" : [
    ]
  },
  {
    "platform" : "WIN32_X86",
    "searchTime" : "2022-10-22T19:58:13.588Z[UTC]",
    "searchQuery" : "c",
    "searchInteractionURIs" : [
    ]
  },
  {
    "platform" : "WIN32_X86",
    "searchTime" : "2022-10-23T02:19:50.325Z[UTC]",
    "searchQuery" : "h",
    "searchInteractionURIs" : [
    ]
  },
  {
    "platform" : "WIN32_X86",
    "searchTime" : "2022-10-23T02:19:50.606Z[UTC]",
    "searchQuery" : "ho",
    "searchInteractionURIs" : [
    ]
  },
  {
    "platform" : "WIN32_X86",
    "searchTime" : "2022-10-23T02:19:51.215Z[UTC]",
    "searchQuery" : "home",
    "searchInteractionURIs" : [
    ]
  },
  {
    "platform" : "WIN32_X86",
    "searchTime" : "2022-10-23T02:19:56.874Z[UTC]",
    "searchQuery" : "hometown",
    "searchInteractionURIs" : [
    ]
  },
  {
    "platform" : "IPHONE",
    "searchTime" : "2022-10-24T07:44:56.676Z[UTC]",
    "searchQuery" : "olv",
    "searchInteractionURIs" : [
      "spotify:track:3QorC3YeHA1zuGHwGCmBja",
      "spotify:track:3QorC3YeHA1zuGHwGCmBja",
      "spotify:track:3QorC3YeHA1zuGHwGCmBja"
    ]
  },
  {
    "platform" : "IPHONE_ARM64",
    "searchTime" : "2022-10-24T07:47:55.202Z[UTC]",
    "searchQuery" : "o",
    "searchInteractionURIs" : [
    ]
  },
  {
    "platform" : "IPHONE",
    "searchTime" : "2022-10-24T07:47:57.324Z[UTC]",
    "searchQuery" : "olvidala",
    "searchInteractionURIs" : [
      "spotify:track:2yz9a1Lo8BK594vvkOFm4s",
      "spotify:track:22CGiMsGvt6HPJC3Dj94p0",
      "spotify:track:2sH3cHun33vZE1UC11Uq0U",
      "spotify:track:69UVViyFAoGdDlYqGDCr4m",
      "spotify:track:0cXGtTRfQKSHojilCoBAOd",
      "spotify:track:3QorC3YeHA1zuGHwGCmBja"
    ]
  },
  {
    "platform" : "IPHONE",
    "searchTime" : "2022-10-27T20:06:32.135Z[UTC]",
    "searchQuery" : "pen",
    "searchInteractionURIs" : [
      "spotify:artist:2qcGTB5s2t9o2w9SrI719s"
    ]
  },
  {
    "platform" : "WIN32_X86",
    "searchTime" : "2022-10-29T03:54:36.107Z[UTC]",
    "searchQuery" : "marcha",
    "searchInteractionURIs" : [
    ]
  },
  {
    "platform" : "WIN32_X86",
    "searchTime" : "2022-10-29T03:54:37.424Z[UTC]",
    "searchQuery" : "marchas fune",
    "searchInteractionURIs" : [
    ]
  },
  {
    "platform" : "WIN32_X86",
    "searchTime" : "2022-10-30T22:01:46.281Z[UTC]",
    "searchQuery" : "imagine ",
    "searchInteractionURIs" : [
    ]
  },
  {
    "platform" : "IPHONE_ARM64",
    "searchTime" : "2022-11-05T05:14:26.945Z[UTC]",
    "searchQuery" : "st",
    "searchInteractionURIs" : [
    ]
  },
  {
    "platform" : "IPHONE_ARM64",
    "searchTime" : "2022-11-05T05:14:27.003Z[UTC]",
    "searchQuery" : "star",
    "searchInteractionURIs" : [
    ]
  },
  {
    "platform" : "IPHONE",
    "searchTime" : "2022-11-05T05:14:36.118Z[UTC]",
    "searchQuery" : "star walkin",
    "searchInteractionURIs" : [
      "spotify:track:38T0tPVZHcPZyhtOcCP7pF"
    ]
  },
  {
    "platform" : "IPHONE_ARM64",
    "searchTime" : "2022-11-05T05:14:44.342Z[UTC]",
    "searchQuery" : "star walkin",
    "searchInteractionURIs" : [
    ]
  },
  {
    "platform" : "WIN32_X86",
    "searchTime" : "2022-11-06T22:40:12.192Z[UTC]",
    "searchQuery" : "star",
    "searchInteractionURIs" : [
    ]
  },
  {
    "platform" : "IPHONE_ARM64",
    "searchTime" : "2022-11-08T02:43:17.004Z[UTC]",
    "searchQuery" : "sw",
    "searchInteractionURIs" : [
    ]
  },
  {
    "platform" : "IPHONE",
    "searchTime" : "2022-11-08T02:43:17.699Z[UTC]",
    "searchQuery" : "sweater",
    "searchInteractionURIs" : [
      "spotify:track:2QjOHCTQ1Jl3zawyYOpxh6"
    ]
  },
  {
    "platform" : "IPHONE",
    "searchTime" : "2022-11-11T07:50:45.311Z[UTC]",
    "searchQuery" : "baby no",
    "searchInteractionURIs" : [
      "spotify:track:6De0lHrwBfPfrhorm9q1Xl"
    ]
  },
  {
    "platform" : "IPHONE",
    "searchTime" : "2022-11-12T15:55:57.336Z[UTC]",
    "searchQuery" : "el se",
    "searchInteractionURIs" : [
      "spotify:track:7o5V0BUS9x8zdXMb2CiGpi"
    ]
  },
  {
    "platform" : "IPHONE_ARM64",
    "searchTime" : "2022-11-12T16:11:06.619Z[UTC]",
    "searchQuery" : "enem",
    "searchInteractionURIs" : [
    ]
  },
  {
    "platform" : "IPHONE",
    "searchTime" : "2022-11-12T16:11:07.250Z[UTC]",
    "searchQuery" : "enemy",
    "searchInteractionURIs" : [
      "spotify:track:5UlnuulVAVmmesw4VzqHdG"
    ]
  },
  {
    "platform" : "IPHONE",
    "searchTime" : "2022-11-12T16:52:55.184Z[UTC]",
    "searchQuery" : "enemy",
    "searchInteractionURIs" : [
    ]
  },
  {
    "platform" : "IPHONE",
    "searchTime" : "2022-11-12T16:54:11.368Z[UTC]",
    "searchQuery" : "enemy",
    "searchInteractionURIs" : [
    ]
  },
  {
    "platform" : "IPHONE_ARM64",
    "searchTime" : "2022-11-12T20:31:04.895Z[UTC]",
    "searchQuery" : "a man",
    "searchInteractionURIs" : [
    ]
  },
  {
    "platform" : "IPHONE",
    "searchTime" : "2022-11-17T07:19:02.634Z[UTC]",
    "searchQuery" : "me reu",
    "searchInteractionURIs" : [
      "spotify:track:6De0lHrwBfPfrhorm9q1Xl",
      "spotify:track:6YYmoV9YbBefsspGmqFHbs",
      "spotify:track:059bcIhyc2SBwm6sw2AZzd",
      "spotify:track:6ifUES3keWjwXgae8pXI3o",
      "spotify:track:6De0lHrwBfPfrhorm9q1Xl"
    ]
  },
  {
    "platform" : "IPHONE",
    "searchTime" : "2022-11-17T07:21:46.108Z[UTC]",
    "searchQuery" : "me reu",
    "searchInteractionURIs" : [
      "spotify:track:61nxuiKeEp0SQwOrTjMKBK",
      "spotify:track:0QbxaJK2aazgk0kAp0wKtf"
    ]
  },
  {
    "platform" : "IPHONE_ARM64",
    "searchTime" : "2022-11-17T07:28:44.679Z[UTC]",
    "searchQuery" : "mi ",
    "searchInteractionURIs" : [
    ]
  },
  {
    "platform" : "IPHONE",
    "searchTime" : "2022-11-17T07:28:47.243Z[UTC]",
    "searchQuery" : "mi ca",
    "searchInteractionURIs" : [
      "spotify:track:1nAk42YH4kmPxaoFcLgiSe"
    ]
  },
  {
    "platform" : "IPHONE",
    "searchTime" : "2022-11-17T07:30:49.671Z[UTC]",
    "searchQuery" : "hoy l",
    "searchInteractionURIs" : [
      "spotify:track:0zOTCXeKyojEa4kNkUqrQK"
    ]
  },
  {
    "platform" : "IPHONE",
    "searchTime" : "2022-11-21T08:02:58.649Z[UTC]",
    "searchQuery" : "part",
    "searchInteractionURIs" : [
      "spotify:track:0Rj2yNpEvXOl8yn9UOuIRs"
    ]
  },
  {
    "platform" : "WIN32_X86",
    "searchTime" : "2022-11-21T18:55:09.700Z[UTC]",
    "searchQuery" : "live is life",
    "searchInteractionURIs" : [
    ]
  },
  {
    "platform" : "IPHONE",
    "searchTime" : "2022-11-21T19:10:34.857Z[UTC]",
    "searchQuery" : "life",
    "searchInteractionURIs" : [
      "spotify:track:2vUCBDHm41Xf6HlLgrSlA9"
    ]
  },
  {
    "platform" : "IPHONE_ARM64",
    "searchTime" : "2022-11-21T19:12:10.421Z[UTC]",
    "searchQuery" : "life i",
    "searchInteractionURIs" : [
    ]
  },
  {
    "platform" : "IPHONE_ARM64",
    "searchTime" : "2022-11-21T19:12:10.564Z[UTC]",
    "searchQuery" : "life is",
    "searchInteractionURIs" : [
    ]
  },
  {
    "platform" : "IPHONE",
    "searchTime" : "2022-11-21T19:12:11.860Z[UTC]",
    "searchQuery" : "life is life",
    "searchInteractionURIs" : [
      "spotify:track:76pyWH7ZLr6q4kJZS3MmEE"
    ]
  },
  {
    "platform" : "WIN32_X86",
    "searchTime" : "2022-11-27T21:05:40.582Z[UTC]",
    "searchQuery" : "na",
    "searchInteractionURIs" : [
    ]
  },
  {
    "platform" : "WIN32_X86",
    "searchTime" : "2022-11-27T22:04:59.905Z[UTC]",
    "searchQuery" : "s",
    "searchInteractionURIs" : [
    ]
  },
  {
    "platform" : "",
    "searchTime" : "2022-11-28T00:52:06.775Z[UTC]",
    "searchQuery" : "snowman",
    "searchInteractionURIs" : [
    ]
  },
  {
    "platform" : "WIN32_X86",
    "searchTime" : "2022-11-28T00:52:06.885Z[UTC]",
    "searchQuery" : "snowman",
    "searchInteractionURIs" : [
    ]
  },
  {
    "platform" : "",
    "searchTime" : "2022-11-28T00:52:06.910Z[UTC]",
    "searchQuery" : "snowman",
    "searchInteractionURIs" : [
    ]
  },
  {
    "platform" : "",
    "searchTime" : "2022-11-28T00:52:15.192Z[UTC]",
    "searchQuery" : "snowman ",
    "searchInteractionURIs" : [
    ]
  },
  {
    "platform" : "",
    "searchTime" : "2022-11-28T00:52:15.287Z[UTC]",
    "searchQuery" : "snowman ",
    "searchInteractionURIs" : [
    ]
  },
  {
    "platform" : "",
    "searchTime" : "2022-11-28T00:52:15.720Z[UTC]",
    "searchQuery" : "snowman sl",
    "searchInteractionURIs" : [
    ]
  },
  {
    "platform" : "",
    "searchTime" : "2022-11-28T00:52:15.835Z[UTC]",
    "searchQuery" : "snowman sl",
    "searchInteractionURIs" : [
    ]
  },
  {
    "platform" : "",
    "searchTime" : "2022-11-28T00:52:15.965Z[UTC]",
    "searchQuery" : "snowman slow",
    "searchInteractionURIs" : [
    ]
  },
  {
    "platform" : "",
    "searchTime" : "2022-11-28T00:52:16.076Z[UTC]",
    "searchQuery" : "snowman slow",
    "searchInteractionURIs" : [
    ]
  },
  {
    "platform" : "",
    "searchTime" : "2022-11-28T00:52:16.624Z[UTC]",
    "searchQuery" : "snowman slowed",
    "searchInteractionURIs" : [
    ]
  },
  {
    "platform" : "WIN32_X86",
    "searchTime" : "2022-11-28T00:52:16.713Z[UTC]",
    "searchQuery" : "snowman slowed",
    "searchInteractionURIs" : [
    ]
  },
  {
    "platform" : "",
    "searchTime" : "2022-11-28T00:52:16.760Z[UTC]",
    "searchQuery" : "snowman slowed",
    "searchInteractionURIs" : [
    ]
  },
  {
    "platform" : "IPHONE_ARM64",
    "searchTime" : "2022-11-28T04:46:01.392Z[UTC]",
    "searchQuery" : "snowman",
    "searchInteractionURIs" : [
    ]
  },
  {
    "platform" : "IPHONE_ARM64",
    "searchTime" : "2022-11-28T04:46:08.670Z[UTC]",
    "searchQuery" : "snowman slowe",
    "searchInteractionURIs" : [
    ]
  },
  {
    "platform" : "IPHONE",
    "searchTime" : "2022-11-28T04:46:08.946Z[UTC]",
    "searchQuery" : "snowman slowed",
    "searchInteractionURIs" : [
      "spotify:playlist:1PyUo3BTG2AcH2wCbtdtuv"
    ]
  },
  {
    "platform" : "WIN32_X86",
    "searchTime" : "2022-12-01T02:08:47.128Z[UTC]",
    "searchQuery" : "navid",
    "searchInteractionURIs" : [
    ]
  },
  {
    "platform" : "WIN32_X86",
    "searchTime" : "2022-12-01T02:08:50.529Z[UTC]",
    "searchQuery" : "Navidad sin",
    "searchInteractionURIs" : [
    ]
  },
  {
    "platform" : "IPHONE",
    "searchTime" : "2022-12-01T06:58:35.787Z[UTC]",
    "searchQuery" : "snowman",
    "searchInteractionURIs" : [
    ]
  },
  {
    "platform" : "IPHONE_ARM64",
    "searchTime" : "2022-12-01T06:59:00.297Z[UTC]",
    "searchQuery" : "s",
    "searchInteractionURIs" : [
    ]
  },
  {
    "platform" : "IPHONE_ARM64",
    "searchTime" : "2022-12-01T06:59:00.843Z[UTC]",
    "searchQuery" : "sno",
    "searchInteractionURIs" : [
    ]
  },
  {
    "platform" : "IPHONE_ARM64",
    "searchTime" : "2022-12-01T16:08:58.207Z[UTC]",
    "searchQuery" : "snowma",
    "searchInteractionURIs" : [
    ]
  },
  {
    "platform" : "IPHONE_ARM64",
    "searchTime" : "2022-12-01T16:08:59.267Z[UTC]",
    "searchQuery" : "snowman slow",
    "searchInteractionURIs" : [
    ]
  },
  {
    "platform" : "IPHONE_ARM64",
    "searchTime" : "2022-12-01T16:09:01.478Z[UTC]",
    "searchQuery" : "snowman slowed",
    "searchInteractionURIs" : [
    ]
  },
  {
    "platform" : "IPHONE_ARM64",
    "searchTime" : "2022-12-01T16:10:40.604Z[UTC]",
    "searchQuery" : "snowman slowed",
    "searchInteractionURIs" : [
    ]
  },
  {
    "platform" : "IPHONE_ARM64",
    "searchTime" : "2022-12-01T16:11:50.057Z[UTC]",
    "searchQuery" : "l",
    "searchInteractionURIs" : [
    ]
  },
  {
    "platform" : "IPHONE_ARM64",
    "searchTime" : "2022-12-02T22:22:16.805Z[UTC]",
    "searchQuery" : "hunger ga",
    "searchInteractionURIs" : [
    ]
  },
  {
    "platform" : "IPHONE_ARM64",
    "searchTime" : "2022-12-02T22:22:17.488Z[UTC]",
    "searchQuery" : "hunger game",
    "searchInteractionURIs" : [
    ]
  },
  {
    "platform" : "IPHONE",
    "searchTime" : "2022-12-02T22:22:18.691Z[UTC]",
    "searchQuery" : "hunger games",
    "searchInteractionURIs" : [
      "spotify:playlist:678Wh0vhCOxqlecVEYodaE"
    ]
  },
  {
    "platform" : "IPHONE",
    "searchTime" : "2022-12-03T07:32:33.135Z[UTC]",
    "searchQuery" : "drago",
    "searchInteractionURIs" : [
      "spotify:track:52Zr0sinhWTCRrQhRRY4EP"
    ]
  },
  {
    "platform" : "IPHONE",
    "searchTime" : "2022-12-05T08:28:05.765Z[UTC]",
    "searchQuery" : "sha",
    "searchInteractionURIs" : [
      "spotify:search:shakira"
    ]
  },
  {
    "platform" : "IPHONE",
    "searchTime" : "2022-12-05T08:28:07.359Z[UTC]",
    "searchQuery" : "shakira",
    "searchInteractionURIs" : [
      "spotify:artist:0EmeFodog0BfCgMzAIvKQp"
    ]
  },
  {
    "platform" : "IPHONE",
    "searchTime" : "2022-12-05T08:28:21.264Z[UTC]",
    "searchQuery" : "shakira cant",
    "searchInteractionURIs" : [
      "spotify:track:7o1Pm9jpH0wFpN5g793Lnq",
      "spotify:track:3ZFTkvIE7kyPt6Nu3PEa7V"
    ]
  },
  {
    "platform" : "WIN32_X86",
    "searchTime" : "2022-12-12T23:38:24.658Z[UTC]",
    "searchQuery" : "suga",
    "searchInteractionURIs" : [
    ]
  }
]