{
  "tracks": [
    {
      "artist": "Sia",
      "album": "Snowman",
      "track": "Snowman",
      "uri": "spotify:track:3b95085PI7P3X3oC16Z3Wd"
    },
    {
      "artist": "Imagine Dragons",
      "album": "Night Visions",
      "track": "Demons",
      "uri": "spotify:track:2Oehrcv4Kov0SuIgWyQY9e"
    },
    {
      "artist": "Marchas Fúnebres",
      "album": "Marchas Fúnebres, Vol. 2",
      "track": "Dolor, consuelo y alegría",
      "uri": "spotify:track:05KKB2XRfDCIW9f2gfQxvr"
    },
    {
      "artist": "Imagine Dragons",
      "album": "Enemy (with JID)",
      "track": "Enemy (with JID) - from the series Arcane League of Legends",
      "uri": "spotify:track:1r9xUipOqoNwggBpENDsvJ"
    },
    {
      "artist": "Hiroyuki Sawano",
      "album": "TV Anime \"Attack on Titan\" Original Soundtrack",
      "track": "Attack on Titan",
      "uri": "spotify:track:5IzZpz0vA73IIjqFPpXSXP"
    },
    {
      "artist": "Banda del Maestro Héctor Alfredo Gómez Barillas",
      "album": "Pentagrama Fúnebre Guatemalteco el Nazareno de la Escuela de Cristo",
      "track": "Marcha Fúnebre",
      "uri": "spotify:track:5UTDvec4800ebQwnZIyNLT"
    },
    {
      "artist": "Audioslave",
      "album": "Audioslave",
      "track": "Like a Stone",
      "uri": "spotify:track:3YuaBvuZqcwN3CEAyyoaei"
    },
    {
      "artist": "Pentakill",
      "album": "III: Lost Chapter",
      "track": "Lightbringer - Acoustic",
      "uri": "spotify:track:2c3RC6Q1srMggPeBitBBvO"
    },
    {
      "artist": "Ghali",
      "album": "Album",
      "track": "Habibi",
      "uri": "spotify:track:1lwpe8mLgHhytakM7m6R3W"
    },
    {
      "artist": "YUI",
      "album": "Green Garden Pop",
      "track": "again",
      "uri": "spotify:track:6jBNUlTbv3fyn5t4izsdMa"
    },
    {
      "artist": "Papa Roach",
      "album": "Crooked Teeth",
      "track": "Born For Greatness",
      "uri": "spotify:track:5cRPdqpWkaNmIbPi6wJDg2"
    },
    {
      "artist": "Imagine Dragons",
      "album": "Enemy",
      "track": "Enemy - From the series Arcane League of Legends",
      "uri": "spotify:track:5UlnuulVAVmmesw4VzqHdG"
    },
    {
      "artist": "AC/DC",
      "album": "Live at River Plate",
      "track": "Rock N Roll Train - Live at River Plate Stadium, Buenos Aires, Argentina - December 2009",
      "uri": "spotify:track:2hzg8fX8NGSK4loyJbNLr1"
    },
    {
      "artist": "Yusuf / Cat Stevens",
      "album": "Tea For The Tillerman",
      "track": "Father And Son",
      "uri": "spotify:track:476V2d6iA2tWXgQboKmTtA"
    },
    {
      "artist": "Arctic Monkeys",
      "album": "AM",
      "track": "Do I Wanna Know?",
      "uri": "spotify:track:5FVd6KXrgO9B3JPmC8OPst"
    },
    {
      "artist": "El Tambor De La Tribu",
      "album": "Felina",
      "track": "Skalavera",
      "uri": "spotify:track:1zsmNhMXRJXhGZ8rjXDs2w"
    },
    {
      "artist": "Arctic Monkeys",
      "album": "AM",
      "track": "Why'd You Only Call Me When You're High?",
      "uri": "spotify:track:086myS9r57YsLbJpU0TgK9"
    },
    {
      "artist": "Audioslave",
      "album": "Audioslave",
      "track": "Show Me How to Live",
      "uri": "spotify:track:1Qdnvn4XlmZANCVy3XjrQo"
    },
    {
      "artist": "Imagine Dragons",
      "album": "Natural",
      "track": "Natural",
      "uri": "spotify:track:4zIO3ilp5HvTeK3HJHxhMP"
    },
    {
      "artist": "A Great Big World",
      "album": "Is There Anybody Out There?",
      "track": "Say Something",
      "uri": "spotify:track:6Vc5wAMmXdKIAM7WUoEb7N"
    },
    {
      "artist": "Sam Smith",
      "album": "Love Goes",
      "track": "Fire On Fire",
      "uri": "spotify:track:7t3Xdbufg7q2onVsR8RBdY"
    },
    {
      "artist": "Kenna Childs",
      "album": "Gentle",
      "track": "Oceans",
      "uri": "spotify:track:0ZMlaztZIwzFmz1t1r4D7u"
    },
    {
      "artist": "A Great Big World",
      "album": "Is There Anybody Out There?",
      "track": "Say Something",
      "uri": "spotify:track:2fPb58e6f8KxejYDCaARwS"
    },
    {
      "artist": "AC/DC",
      "album": "Live at River Plate",
      "track": "Hells Bells - Live at River Plate Stadium, Buenos Aires, Argentina - December 2009",
      "uri": "spotify:track:6ZIM0F8bSeI2OH6n3sJByc"
    },
    {
      "artist": "League of Legends",
      "album": "Warriors",
      "track": "Warriors",
      "uri": "spotify:track:3f4fc8c8unrQeKecmUPEDR"
    },
    {
      "artist": "Imagine Dragons",
      "album": "Night Visions",
      "track": "Radioactive",
      "uri": "spotify:track:6Ep6BzIOB9tz3P4sWqiiAB"
    },
    {
      "artist": "Chris Cornell",
      "album": "Euphoria Morning",
      "track": "Can't Change Me",
      "uri": "spotify:track:5dsYVdaWnWIRm419kNBbag"
    },
    {
      "artist": "Imagine Dragons",
      "album": "Mercury - Acts 1 & 2",
      "track": "Bones",
      "uri": "spotify:track:54ipXppHLA8U4yqpOFTUhr"
    },
    {
      "artist": "Twenty One Pilots",
      "album": "Blurryface",
      "track": "Stressed Out",
      "uri": "spotify:track:3CRDbSIZ4r5MsZ0YwxuEkn"
    },
    {
      "artist": "Malacates Trebol Shop",
      "album": "Sólo éxitos...(Dicen)",
      "track": "Tómame",
      "uri": "spotify:track:1RjMgxCwrTGbkqVCuxwmVS"
    },
    {
      "artist": "Hinder",
      "album": "Extreme Behavior",
      "track": "Lips Of An Angel",
      "uri": "spotify:track:53yAFiPcO7NPpKsaMCQgQ9"
    },
    {
      "artist": "Imagine Dragons",
      "album": "Evolve",
      "track": "Whatever It Takes",
      "uri": "spotify:track:7F3uo3304R2CTvOseU3H7u"
    },
    {
      "artist": "Evanescence",
      "album": "Fallen",
      "track": "Hello",
      "uri": "spotify:track:0a5IY60a8Ejwjdi1RIqpbh"
    },
    {
      "artist": "League of Legends",
      "album": "Awaken",
      "track": "Awaken",
      "uri": "spotify:track:3jevgr3fYdv9wYO3IDJq2a"
    },
    {
      "artist": "Adele",
      "album": "Hello",
      "track": "Hello",
      "uri": "spotify:track:0ENSn4fwAbCGeFGVUbXEU3"
    },
    {
      "artist": "Hawk Nelson",
      "album": "Diamonds",
      "track": "Sold Out",
      "uri": "spotify:track:0Ea0hLCa4WCNp5SwPZr8XP"
    },
    {
      "artist": "Imagine Dragons",
      "album": "Warriors",
      "track": "Warriors",
      "uri": "spotify:track:5MVkWRKMBO3r05oihuNbzM"
    },
    {
      "artist": "Drake Bell",
      "album": "It's Only Time",
      "track": "I Know",
      "uri": "spotify:track:0oayy8OHHzuT1URyldeu9P"
    },
    {
      "artist": "Michael Jackson",
      "album": "Michael Jackson's This Is It",
      "track": "This Is It",
      "uri": "spotify:track:5XaOvJcyNBNXRohL3eB9dL"
    },
    {
      "artist": "Yusuf / Cat Stevens",
      "album": "Tea for the Tillerman",
      "track": "Father And Son",
      "uri": "spotify:track:19slC7k8bsPOAKDjHYLU2W"
    },
    {
      "artist": "M83",
      "album": "Hurry up, We're Dreaming",
      "track": "Outro",
      "uri": "spotify:track:1s9i7W8zx7Nxx78MUIsvjV"
    },
    {
      "artist": "AC/DC",
      "album": "Back In Black",
      "track": "You Shook Me All Night Long",
      "uri": "spotify:track:2SiXAy7TuUkycRVbbWDEpo"
    },
    {
      "artist": "AC/DC",
      "album": "Live at River Plate",
      "track": "Thunderstruck - Live at River Plate Stadium, Buenos Aires, Argentina - December 2009",
      "uri": "spotify:track:7eHlRQ5acXEIMdGAKe00fO"
    },
    {
      "artist": "Franco De Vita",
      "album": "Franco De Vita En Primera Fila",
      "track": "Si La Ves (feat. Noel Schajris & Leonel García)",
      "uri": "spotify:track:2HBo8LhUxBJBsxWaP6ePL3"
    },
    {
      "artist": "David Correy",
      "album": "The World Is Ours",
      "track": "The World Is Ours",
      "uri": "spotify:track:3dxxEDXEeLh3aWRz8FkPfK"
    },
    {
      "artist": "Evanescence",
      "album": "Fallen",
      "track": "My Immortal",
      "uri": "spotify:track:1C0vXECyJHUeqOo2Etvrr2"
    },
    {
      "artist": "Kovic",
      "album": "Drown",
      "track": "Drown",
      "uri": "spotify:track:41VsrhyOOnyGwE8c1hSOHV"
    },
    {
      "artist": "Pentakill",
      "album": "III: Lost Chapter",
      "track": "Last Stand",
      "uri": "spotify:track:5V1wcYlThHF52vNxvHVSiu"
    },
    {
      "artist": "Sia",
      "album": "Mountains",
      "track": "Genius",
      "uri": "spotify:track:3qGDwGqdyFq3faUU4BmhdY"
    },
    {
      "artist": "Marchas Fúnebres",
      "album": "Marchas Fúnebres, Vol. 1",
      "track": "Marcha Fúnebre",
      "uri": "spotify:track:6zclQCqGBFDN2zrHWjPDsj"
    },
    {
      "artist": "Sia",
      "album": "Colour The Small One",
      "track": "Breathe Me",
      "uri": "spotify:track:7jqzZyJJLrpkRFYGpkqSK6"
    },
    {
      "artist": "The Mispent",
      "album": "Windows and Walls",
      "track": "In My Shoes",
      "uri": "spotify:track:4qa7vr22lz2t93xf3RdG4z"
    },
    {
      "artist": "League of Legends",
      "album": "RISE",
      "track": "RISE",
      "uri": "spotify:track:69Sy7207dnixZ6w7RSV9Kb"
    },
    {
      "artist": "The xx",
      "album": "I See You",
      "track": "Say Something Loving",
      "uri": "spotify:track:728zbo72kOoYdGR3AhNsyF"
    },
    {
      "artist": "Sia",
      "album": "This Is Acting",
      "track": "Unstoppable",
      "uri": "spotify:track:2J2Z1SkXYghSajLibnQHOa"
    },
    {
      "artist": "Avicii",
      "album": "Taste The Feeling (Avicii Vs. Conrad Sewell)",
      "track": "Taste The Feeling (Avicii Vs. Conrad Sewell)",
      "uri": "spotify:track:34vuwpTj9M0cFYJ0DeK97Z"
    },
    {
      "artist": "Zayde Wølf",
      "album": "Golden Age",
      "track": "Born Ready",
      "uri": "spotify:track:4Lq2eCJPkusiiLBfoD05d0"
    },
    {
      "artist": "Billie Eilish",
      "album": "No Time To Die",
      "track": "No Time To Die",
      "uri": "spotify:track:73SpzrcaHk0RQPFP73vqVR"
    },
    {
      "artist": "Alan Walker",
      "album": "Fade",
      "track": "Fade",
      "uri": "spotify:track:2lfPecqFbH8X4lHSpTxt8l"
    },
    {
      "artist": "Michael Jackson",
      "album": "Michael",
      "track": "Hold My Hand (with Akon)",
      "uri": "spotify:track:0pCyoA5o2uxUwIovECCziF"
    },
    {
      "artist": "Temple Of The Dog",
      "album": "Temple Of The Dog",
      "track": "Hunger Strike",
      "uri": "spotify:track:35SiNV5YHBDsuiTtD0CIwc"
    },
    {
      "artist": "Michael Jackson",
      "album": "HIStory - PAST, PRESENT AND FUTURE - BOOK I",
      "track": "Earth Song",
      "uri": "spotify:track:4GCGH6TJ69neckwITeBFXK"
    },
    {
      "artist": "Imagine Dragons",
      "album": "Evolve",
      "track": "Believer",
      "uri": "spotify:track:7Izh7zLJGw1Nscd62Exxj4"
    },
    {
      "artist": "Guns N' Roses",
      "album": "Use Your Illusion I",
      "track": "November Rain",
      "uri": "spotify:track:3YRCqOhFifThpSRFJ1VWFM"
    },
    {
      "artist": "Marc Anthony",
      "album": "Iconos",
      "track": "Y Cómo Es El",
      "uri": "spotify:track:3h8KGJn9UFX2cfjN78iMVF"
    },
    {
      "artist": "Imagine Dragons",
      "album": "Night Visions",
      "track": "My Fault",
      "uri": "spotify:track:1n108NGnovKSwv2z0J9Vmw"
    },
    {
      "artist": "Sia",
      "album": "This Is Acting (Deluxe Version)",
      "track": "Bird Set Free",
      "uri": "spotify:track:6MowG7MRVgPfGlCMsXKMJ2"
    },
    {
      "artist": "Hiroyuki Sawano",
      "album": "\"Attack on Titan\" Season 3 Original Soundtrack",
      "track": "Symphonicsuite (Aot) Part2-1st: Attack on Titan (Wmid)",
      "uri": "spotify:track:66EOdKkzuonSLBXOrActDD"
    },
    {
      "artist": "AC/DC",
      "album": "High Voltage",
      "track": "It's a Long Way to the Top (If You Wanna Rock 'N' Roll)",
      "uri": "spotify:track:7nemcVsXVFZF01iqpIIo2Y"
    },
    {
      "artist": "Ed Sheeran",
      "album": "÷",
      "track": "Perfect",
      "uri": "spotify:track:0tgVpDi06FyKpA1z0VMD4v"
    },
    {
      "artist": "Matt Maltese",
      "album": "As the World Caves In",
      "track": "As the World Caves In",
      "uri": "spotify:track:4JE6agBLHGA5TaF6FlqfBD"
    },
    {
      "artist": "中野家の五つ子",
      "album": "Gotoubun no Katachi / Hatsukoi",
      "track": "Gotoubun no Katachi",
      "uri": "spotify:track:32nW0L3AHrEasXxB4y4kt4"
    },
    {
      "artist": "Twenty One Pilots",
      "album": "Heathens",
      "track": "Heathens",
      "uri": "spotify:track:6i0V12jOa3mr6uu4WYhUBr"
    },
    {
      "artist": "Pentakill",
      "album": "III: Lost Chapter",
      "track": "Executioner's Calling",
      "uri": "spotify:track:5hdHRPKv5pwB93nBq19reU"
    },
    {
      "artist": "New Radicals",
      "album": "Maybe You've Been Brainwashed Too",
      "track": "You Get What You Give",
      "uri": "spotify:track:1Cwsd5xI8CajJz795oy4XF"
    },
    {
      "artist": "Pentakill",
      "album": "III: Lost Chapter",
      "track": "Gathering Storm",
      "uri": "spotify:track:2eKab7Fw5lCVnVM4G16N6B"
    },
    {
      "artist": "Metallica",
      "album": "Metallica",
      "track": "Nothing Else Matters",
      "uri": "spotify:track:0nLiqZ6A27jJri2VCalIUs"
    },
    {
      "artist": "Hombres G",
      "album": "Hombres G",
      "track": "Devuélveme a mi chica",
      "uri": "spotify:track:1Wrzhfa5bNlqvsnCztz190"
    },
    {
      "artist": "Guns N' Roses",
      "album": "Use Your Illusion I",
      "track": "November Rain",
      "uri": "spotify:track:53968oKecrFxkErocab2Al"
    },
    {
      "artist": "Billie Eilish",
      "album": "lovely (with Khalid)",
      "track": "lovely (with Khalid)",
      "uri": "spotify:track:0u2P5u6lvoDfwTYjAADbn4"
    },
    {
      "artist": "AC/DC",
      "album": "Live at River Plate",
      "track": "You Shook Me All Night Long - Live at River Plate Stadium, Buenos Aires, Argentina - December 2009",
      "uri": "spotify:track:778MsQxm8FaGUpZH6jttfr"
    },
    {
      "artist": "Hiroyuki Sawano",
      "album": "TV Anime \"Attack on Titan Season 2\" (Original Soundtrack)",
      "track": "You See Big Girl / T:T",
      "uri": "spotify:track:4dHOnPucB5VBYq3gjRtYy9"
    },
    {
      "artist": "Lil Drako",
      "album": "Snowman",
      "track": "Snowman - Slowed",
      "uri": "spotify:track:3f4Ee4ZHzke7D8iTey5sMA"
    },
    {
      "artist": "Ed Sheeran",
      "album": "÷",
      "track": "Happier",
      "uri": "spotify:track:2RttW7RAu5nOAfq6YFvApB"
    },
    {
      "artist": "David Guthrie Music",
      "album": "Ichiban no Takaramono",
      "track": "Ichiban no Takaramono",
      "uri": "spotify:track:6dQGa269GL40JDXWHKO4gq"
    },
    {
      "artist": "Pentakill",
      "album": "III: Lost Chapter",
      "track": "Edge of Night",
      "uri": "spotify:track:3Ro1AMjH9qdY3ZTWfxIFpN"
    },
    {
      "artist": "Audioslave",
      "album": "Audioslave",
      "track": "I Am the Highway",
      "uri": "spotify:track:3bwAS8cN7Xtzvv5UurJOOX"
    },
    {
      "artist": "Arctic Monkeys",
      "album": "AM",
      "track": "No. 1 Party Anthem",
      "uri": "spotify:track:5TTGoX70AFrTvuEtqHK37S"
    },
    {
      "artist": "Imagine Dragons",
      "album": "Night Visions",
      "track": "It's Time",
      "uri": "spotify:track:3xqF04FdMK7gpIPG3SPFpY"
    },
    {
      "artist": "Lorde",
      "album": "Los Juegos Del Hambre: En Llamas",
      "track": "Everybody Wants To Rule The World - From “The Hunger Games: Catching Fire” Soundtrack",
      "uri": "spotify:track:4GZ7swGhoOMcnMvShyD4po"
    },
    {
      "artist": "Muse",
      "album": "Absolution",
      "track": "Butterflies and Hurricanes",
      "uri": "spotify:track:0xJLcjd0gaZct43xG1UlXS"
    },
    {
      "artist": "Metallica",
      "album": "Metallica",
      "track": "Nothing Else Matters",
      "uri": "spotify:track:1znPMY3zq78mVuTAmOA9O7"
    },
    {
      "artist": "Third Eye Blind",
      "album": "A Collection",
      "track": "Jumper - 2006 Remaster",
      "uri": "spotify:track:3zTTvo1kI9JNCvSFQ9RsCK"
    },
    {
      "artist": "Michael Jackson",
      "album": "HIStory - PAST, PRESENT AND FUTURE - BOOK I",
      "track": "You Are Not Alone",
      "uri": "spotify:track:3AoeaZs8dFemFJr3JdzOL0"
    },
    {
      "artist": "Ed Sheeran",
      "album": "x",
      "track": "Thinking out Loud",
      "uri": "spotify:track:34gCuhDGsG4bRPIf9bb02f"
    },
    {
      "artist": "AC/DC",
      "album": "Live at River Plate",
      "track": "Highway to Hell - Live at River Plate Stadium, Buenos Aires, Argentina - December 2009",
      "uri": "spotify:track:7vTCGXUv3XOKScExgMtmel"
    }
  ],
  "albums": [
  ],
  "shows": [
  ],
  "episodes": [
  ],
  "bannedTracks": [
  ],
  "artists": [
    {
      "name": "AC/DC",
      "uri": "spotify:artist:711MCceyCBcFnzjGY4Q7Un"
    },
    {
      "name": "Arctic Monkeys",
      "uri": "spotify:artist:7Ln80lUS6He07XvHI8qqHH"
    },
    {
      "name": "Billie Eilish",
      "uri": "spotify:artist:6qqNVTkY8uBg9cP3Jd7DAH"
    },
    {
      "name": "El Tambor De La Tribu",
      "uri": "spotify:artist:5fwK7ENG6aLoNLdYskJLzQ"
    },
    {
      "name": "Imagine Dragons",
      "uri": "spotify:artist:53XhwfbYqKCa1cC15pYq2q"
    },
    {
      "name": "League of Legends",
      "uri": "spotify:artist:47mIJdHORyRerp4os813jD"
    },
    {
      "name": "LiSA",
      "uri": "spotify:artist:0blbVefuxOGltDBa00dspv"
    },
    {
      "name": "Linkin Park",
      "uri": "spotify:artist:6XyY86QOPPrYVGvF9ch6wz"
    },
    {
      "name": "Malacates Trebol Shop",
      "uri": "spotify:artist:6Nc4k4Y5rX6YgnBsoXGJjG"
    },
    {
      "name": "Sia",
      "uri": "spotify:artist:5WUlDfRSoLAfcVSX1WnrxN"
    }
  ],
  "bannedArtists": [
  ],
  "other": [
    "spotify:local:Pok%C3%A9mon:Pokemon+The+Rise+Of+Darkrai:Oracion+Pokemon+The+Rise+Of+Darkrai+Soundtrack:198",
    "spotify:local:Girls+Dead+Monster+starring+LiSA:Keep+The+Beats%21:Ichiban+no+Takaramono+Yui+final+ver:360",
    "spotify:local:LiSA:Keep+The+Beats%21:Ichiban+no+Takaramono:360"
  ]
}